{
  "type": "FeatureCollection",
  "features": [
    {
      "type": "Feature",
      "properties": {
        "osm_way_id": 727500,
        "road_ref": "N22",
        "name": "Carrigrohane Road"
      },
      "geometry": {
        "type": "LineString",
        "coordinates": [
          [
            -8.5547027,
            51.8970317
          ],
          [
            -8.5524575,
            51.8968437
          ],
          [
            -8.5522571,
            51.896827
          ],
          [
            -8.5499449,
            51.8966347
          ],
          [
            -8.5476696,
            51.8964426
          ],
          [
            -8.5468074,
            51.8963694
          ],
          [
            -8.5462431,
            51.896321
          ],
          [
            -8.5451907,
            51.8962347
          ],
          [
            -8.5448103,
            51.896202
          ],
          [
            -8.5444479,
            51.8961708
          ],
          [
            -8.5442061,
            51.89615
          ],
          [
            -8.5441326,
            51.8961439
          ],
          [
            -8.5436544,
            51.8961044
          ],
          [
            -8.543264,
            51.8960722
          ],
          [
            -8.5428462,
            51.8960376
          ],
          [
            -8.5427926,
            51.8960332
          ],
          [
            -8.5427618,
            51.8960305
          ],
          [
            -8.5420557,
            51.8959692
          ],
          [
            -8.5402135,
            51.8958156
          ],
          [
            -8.5384272,
            51.8956615
          ]
        ]
      }
    },
    {
      "type": "Feature",
      "properties": {
        "osm_way_id": 776280,
        "road_ref": "N22",
        "name": "Poulavone Roundabout"
      },
      "geometry": {
        "type": "LineString",
        "coordinates": [
          [
            -8.5688728,
            51.8915213
          ],
          [
            -8.5688703,
            51.891577
          ],
          [
            -8.5688461,
            51.891634
          ],
          [
            -8.5688012,
            51.8916859
          ],
          [
            -8.5687674,
            51.8917121
          ],
          [
            -8.5686788,
            51.8917571
          ],
          [
            -8.5685735,
            51.8917852
          ],
          [
            -8.5684596,
            51.8917941
          ],
          [
            -8.5683462,
            51.8917831
          ],
          [
            -8.5682377,
            51.8917547
          ]
        ]
      }
    },
    {
      "type": "Feature",
      "properties": {
        "osm_way_id": 4247280,
        "road_ref": "N22",
        "name": "N22"
      },
      "geometry": {
        "type": "LineString",
        "coordinates": [
          [
            -8.5715601,
            51.8740208
          ],
          [
            -8.5716413,
            51.8740248
          ],
          [
            -8.571717,
            51.8740434
          ],
          [
            -8.5717711,
            51.8740688
          ],
          [
            -8.5718134,
            51.8741015
          ],
          [
            -8.5718413,
            51.8741397
          ],
          [
            -8.5718536,
            51.8741904
          ],
          [
            -8.5718409,
            51.8742409
          ],
          [
            -8.5718043,
            51.8742869
          ],
          [
            -8.5717471,
            51.8743239
          ],
          [
            -8.5716747,
            51.8743488
          ],
          [
            -8.5715842,
            51.8743594
          ],
          [
            -8.5714931,
            51.8743509
          ],
          [
            -8.5714117,
            51.8743242
          ],
          [
            -8.5713588,
            51.874291
          ],
          [
            -8.5713225,
            51.8742501
          ],
          [
            -8.5713057,
            51.8742047
          ],
          [
            -8.5713127,
            51.874149
          ],
          [
            -8.5713487,
            51.8740978
          ],
          [
            -8.5714098,
            51.8740565
          ],
          [
            -8.5714806,
            51.8740317
          ],
          [
            -8.5715601,
            51.8740208
          ]
        ]
      }
    },
    {
      "type": "Feature",
      "properties": {
        "osm_way_id": 4247281,
        "road_ref": "N22",
        "name": "N22"
      },
      "geometry": {
        "type": "LineString",
        "coordinates": [
          [
            -8.5717589,
            51.8755798
          ],
          [
            -8.5716941,
            51.8756095
          ],
          [
            -8.5716152,
            51.8756275
          ],
          [
            -8.5715312,
            51.8756308
          ],
          [
            -8.5714493,
            51.8756191
          ],
          [
            -8.5713761,
            51.8755934
          ],
          [
            -8.571326,
            51.8755625
          ],
          [
            -8.5712894,
            51.875525
          ],
          [
            -8.5712665,
            51.8754749
          ],
          [
            -8.5712679,
            51.8754229
          ],
          [
            -8.5712933,
            51.8753733
          ],
          [
            -8.5713407,
            51.8753303
          ],
          [
            -8.5714061,
            51.8752975
          ],
          [
            -8.5714801,
            51.8752783
          ],
          [
            -8.5715598,
            51.8752723
          ],
          [
            -8.5716391,
            51.8752799
          ],
          [
            -8.5717197,
            51.8753038
          ],
          [
            -8.5717848,
            51.8753417
          ],
          [
            -8.5718281,
            51.8753901
          ],
          [
            -8.5718455,
            51.8754442
          ],
          [
            -8.5718377,
            51.8754938
          ],
          [
            -8.5718081,
            51.8755402
          ],
          [
            -8.5717589,
            51.8755798
          ]
        ]
      }
    },
    {
      "type": "Feature",
      "properties": {
        "osm_way_id": 4247288,
        "road_ref": "N22",
        "name": "Killumney Link East Roundabout"
      },
      "geometry": {
        "type": "LineString",
        "coordinates": [
          [
            -8.5708994,
            51.8833423
          ],
          [
            -8.5708864,
            51.8832849
          ],
          [
            -8.5709011,
            51.8832276
          ],
          [
            -8.5709421,
            51.8831755
          ],
          [
            -8.5710059,
            51.883133
          ],
          [
            -8.5710833,
            51.8831048
          ],
          [
            -8.5711703,
            51.883091
          ],
          [
            -8.5712601,
            51.8830927
          ],
          [
            -8.5713456,
            51.8831098
          ],
          [
            -8.57142,
            51.883141
          ],
          [
            -8.5714576,
            51.8831661
          ],
          [
            -8.5715025,
            51.8832151
          ],
          [
            -8.5715232,
            51.8832698
          ],
          [
            -8.571518,
            51.883326
          ],
          [
            -8.5714872,
            51.8833789
          ],
          [
            -8.5714473,
            51.883415
          ],
          [
            -8.5713954,
            51.8834448
          ],
          [
            -8.5713012,
            51.8834745
          ],
          [
            -8.5711965,
            51.8834835
          ],
          [
            -8.5710927,
            51.8834709
          ],
          [
            -8.5710014,
            51.883438
          ],
          [
            -8.5709388,
            51.8833948
          ],
          [
            -8.5708994,
            51.8833423
          ]
        ]
      }
    },
    {
      "type": "Feature",
      "properties": {
        "osm_way_id": 4247289,
        "road_ref": "N22",
        "name": "N22"
      },
      "geometry": {
        "type": "LineString",
        "coordinates": [
          [
            -8.5716941,
            51.8756095
          ],
          [
            -8.5716261,
            51.8757297
          ],
          [
            -8.5716133,
            51.8758607
          ],
          [
            -8.571555,
            51.8776998
          ],
          [
            -8.5715094,
            51.8794334
          ],
          [
            -8.5714711,
            51.8803648
          ],
          [
            -8.5714546,
            51.8809129
          ]
        ]
      }
    },
    {
      "type": "Feature",
      "properties": {
        "osm_way_id": 4247290,
        "road_ref": "N22",
        "name": "N22"
      },
      "geometry": {
        "type": "LineString",
        "coordinates": [
          [
            -8.5710059,
            51.883133
          ],
          [
            -8.5710485,
            51.8830955
          ],
          [
            -8.5711406,
            51.8830097
          ],
          [
            -8.5711861,
            51.8828751
          ],
          [
            -8.5712248,
            51.882454
          ],
          [
            -8.5712391,
            51.8816927
          ],
          [
            -8.57126,
            51.8808463
          ],
          [
            -8.5713013,
            51.8801722
          ],
          [
            -8.5713738,
            51.8776903
          ]
        ]
      }
    },
    {
      "type": "Feature",
      "properties": {
        "osm_way_id": 5304633,
        "road_ref": "N22",
        "name": "Sheares Street"
      },
      "geometry": {
        "type": "LineString",
        "coordinates": [
          [
            -8.4826694,
            51.8979611
          ],
          [
            -8.4825784,
            51.8979948
          ],
          [
            -8.4823399,
            51.8980831
          ],
          [
            -8.4817847,
            51.8982685
          ],
          [
            -8.4816676,
            51.898287
          ],
          [
            -8.4815699,
            51.8982955
          ],
          [
            -8.4814705,
            51.8982969
          ],
          [
            -8.4813454,
            51.898289
          ],
          [
            -8.4806042,
            51.8982342
          ]
        ]
      }
    },
    {
      "type": "Feature",
      "properties": {
        "osm_way_id": 5304635,
        "road_ref": "N22",
        "name": "Western Road"
      },
      "geometry": {
        "type": "LineString",
        "coordinates": [
          [
            -8.486045,
            51.8960792
          ],
          [
            -8.4869452,
            51.895889
          ],
          [
            -8.4871659,
            51.8958508
          ],
          [
            -8.4874773,
            51.895804
          ]
        ]
      }
    },
    {
      "type": "Feature",
      "properties": {
        "osm_way_id": 5312395,
        "road_ref": "N22",
        "name": "N22"
      },
      "geometry": {
        "type": "LineString",
        "coordinates": [
          [
            -8.4901101,
            51.8954614
          ],
          [
            -8.4898857,
            51.8955196
          ],
          [
            -8.4898252,
            51.8955314
          ],
          [
            -8.4897577,
            51.8955456
          ],
          [
            -8.4897057,
            51.8955611
          ],
          [
            -8.4896612,
            51.8955802
          ],
          [
            -8.4896192,
            51.8955979
          ],
          [
            -8.4895629,
            51.8956335
          ],
          [
            -8.4895334,
            51.8956637
          ],
          [
            -8.4894995,
            51.895707
          ],
          [
            -8.4894756,
            51.89575
          ]
        ]
      }
    },
    {
      "type": "Feature",
      "properties": {
        "osm_way_id": 5364473,
        "road_ref": "N22",
        "name": "Victoria Cross Road"
      },
      "geometry": {
        "type": "LineString",
        "coordinates": [
          [
            -8.5053504,
            51.8928821
          ],
          [
            -8.5053116,
            51.8928785
          ],
          [
            -8.5052347,
            51.8928715
          ],
          [
            -8.5051458,
            51.892864
          ]
        ]
      }
    },
    {
      "type": "Feature",
      "properties": {
        "osm_way_id": 5364487,
        "road_ref": "N22",
        "name": "N22"
      },
      "geometry": {
        "type": "LineString",
        "coordinates": [
          [
            -8.568229,
            51.8913561
          ],
          [
            -8.5682838,
            51.8912125
          ],
          [
            -8.5682846,
            51.8910776
          ],
          [
            -8.5682216,
            51.890744
          ],
          [
            -8.568172,
            51.8903889
          ],
          [
            -8.5681519,
            51.8899808
          ],
          [
            -8.5681827,
            51.8895777
          ],
          [
            -8.5682778,
            51.8890727
          ],
          [
            -8.568387,
            51.8887274
          ],
          [
            -8.5685338,
            51.8883822
          ],
          [
            -8.5689589,
            51.8876046
          ],
          [
            -8.5692573,
            51.8870588
          ],
          [
            -8.569415,
            51.8867704
          ],
          [
            -8.5703582,
            51.8851487
          ]
        ]
      }
    },
    {
      "type": "Feature",
      "properties": {
        "osm_way_id": 5364488,
        "road_ref": "N22",
        "name": "N22"
      },
      "geometry": {
        "type": "LineString",
        "coordinates": [
          [
            -8.5713954,
            51.8834448
          ],
          [
            -8.5713099,
            51.8835316
          ],
          [
            -8.5712271,
            51.8836373
          ],
          [
            -8.5711779,
            51.8837899
          ],
          [
            -8.5710922,
            51.8840445
          ],
          [
            -8.5709526,
            51.8844035
          ],
          [
            -8.5707809,
            51.8847588
          ],
          [
            -8.5705297,
            51.8852189
          ],
          [
            -8.5696177,
            51.8868082
          ],
          [
            -8.5694609,
            51.8870886
          ],
          [
            -8.5691645,
            51.8876186
          ],
          [
            -8.5687299,
            51.8883957
          ],
          [
            -8.5685381,
            51.8888444
          ],
          [
            -8.5684342,
            51.8892161
          ],
          [
            -8.5683732,
            51.8895877
          ],
          [
            -8.5683437,
            51.8900074
          ],
          [
            -8.5683544,
            51.8904187
          ],
          [
            -8.5684818,
            51.891037
          ],
          [
            -8.5685018,
            51.8911266
          ],
          [
            -8.5685558,
            51.89123
          ],
          [
            -8.5686788,
            51.8913287
          ]
        ]
      }
    },
    {
      "type": "Feature",
      "properties": {
        "osm_way_id": 5364493,
        "road_ref": "N22",
        "name": "Ballincollig Bypass"
      },
      "geometry": {
        "type": "LineString",
        "coordinates": [
          [
            -8.6493892,
            51.8790763
          ],
          [
            -8.6488754,
            51.878925
          ],
          [
            -8.6485009,
            51.8787943
          ],
          [
            -8.6482094,
            51.8787179
          ],
          [
            -8.647957,
            51.8786576
          ],
          [
            -8.6476363,
            51.8785882
          ],
          [
            -8.6472275,
            51.8785128
          ],
          [
            -8.6467875,
            51.8784609
          ],
          [
            -8.6462197,
            51.8784362
          ],
          [
            -8.6456836,
            51.8784324
          ],
          [
            -8.6452464,
            51.8784572
          ],
          [
            -8.6447486,
            51.8784991
          ],
          [
            -8.6435308,
            51.8786767
          ],
          [
            -8.6429056,
            51.878739
          ],
          [
            -8.64183,
            51.8788119
          ],
          [
            -8.6409697,
            51.8788522
          ],
          [
            -8.6401099,
            51.8788506
          ],
          [
            -8.6387368,
            51.8788161
          ],
          [
            -8.63807,
            51.8788064
          ],
          [
            -8.6374092,
            51.8788016
          ],
          [
            -8.6367876,
            51.8787821
          ]
        ]
      }
    },
    {
      "type": "Feature",
      "properties": {
        "osm_way_id": 16438522,
        "road_ref": "N22",
        "name": "N22"
      },
      "geometry": {
        "type": "LineString",
        "coordinates": [
          [
            -9.3140784,
            51.9820165
          ],
          [
            -9.3144405,
            51.9819268
          ]
        ]
      }
    },
    {
      "type": "Feature",
      "properties": {
        "osm_way_id": 19095309,
        "road_ref": "N22",
        "name": "Tralee Road"
      },
      "geometry": {
        "type": "LineString",
        "coordinates": [
          [
            -9.5168065,
            52.0694356
          ],
          [
            -9.5165674,
            52.0693228
          ],
          [
            -9.5164646,
            52.0692666
          ]
        ]
      }
    },
    {
      "type": "Feature",
      "properties": {
        "osm_way_id": 20640717,
        "road_ref": "N22",
        "name": "Killarney Bypass"
      },
      "geometry": {
        "type": "LineString",
        "coordinates": [
          [
            -9.4833922,
            52.0608931
          ],
          [
            -9.4832651,
            52.0607466
          ],
          [
            -9.483135,
            52.0606412
          ]
        ]
      }
    },
    {
      "type": "Feature",
      "properties": {
        "osm_way_id": 22380352,
        "road_ref": "N22",
        "name": "N22"
      },
      "geometry": {
        "type": "LineString",
        "coordinates": [
          [
            -8.5026913,
            51.8930749
          ],
          [
            -8.5025758,
            51.893149
          ],
          [
            -8.5024122,
            51.8932104
          ],
          [
            -8.5022008,
            51.89326
          ],
          [
            -8.5020587,
            51.8932908
          ],
          [
            -8.5020065,
            51.8933021
          ],
          [
            -8.5016966,
            51.893361
          ]
        ]
      }
    },
    {
      "type": "Feature",
      "properties": {
        "osm_way_id": 22380377,
        "road_ref": "N22",
        "name": "N22"
      },
      "geometry": {
        "type": "LineString",
        "coordinates": [
          [
            -8.5029404,
            51.8928682
          ],
          [
            -8.5028405,
            51.8929453
          ]
        ]
      }
    },
    {
      "type": "Feature",
      "properties": {
        "osm_way_id": 22634670,
        "road_ref": "N22",
        "name": "N22"
      },
      "geometry": {
        "type": "LineString",
        "coordinates": [
          [
            -8.5763898,
            51.8740641
          ],
          [
            -8.5757871,
            51.8742068
          ],
          [
            -8.5752489,
            51.8743231
          ],
          [
            -8.574526,
            51.8744756
          ],
          [
            -8.5741758,
            51.8745581
          ],
          [
            -8.5737906,
            51.8746662
          ],
          [
            -8.5733952,
            51.874786
          ],
          [
            -8.5730359,
            51.874903
          ],
          [
            -8.5728588,
            51.8749659
          ],
          [
            -8.5726826,
            51.8750324
          ],
          [
            -8.5724857,
            51.8751138
          ],
          [
            -8.5722905,
            51.8751971
          ],
          [
            -8.5721229,
            51.8752784
          ],
          [
            -8.5719643,
            51.8753566
          ],
          [
            -8.5718955,
            51.8754045
          ],
          [
            -8.5718455,
            51.8754442
          ]
        ]
      }
    },
    {
      "type": "Feature",
      "properties": {
        "osm_way_id": 22635043,
        "road_ref": "N22",
        "name": "Western Road"
      },
      "geometry": {
        "type": "LineString",
        "coordinates": [
          [
            -8.4901101,
            51.8954614
          ],
          [
            -8.4905514,
            51.8953918
          ],
          [
            -8.4908284,
            51.8953481
          ],
          [
            -8.4908956,
            51.8953369
          ],
          [
            -8.4910153,
            51.8953169
          ],
          [
            -8.4911,
            51.8953027
          ],
          [
            -8.4911628,
            51.8952922
          ],
          [
            -8.4917896,
            51.8951873
          ],
          [
            -8.491798,
            51.8951858
          ],
          [
            -8.4918641,
            51.895174
          ],
          [
            -8.4920254,
            51.8951452
          ],
          [
            -8.4923274,
            51.8950912
          ],
          [
            -8.4923987,
            51.8950785
          ],
          [
            -8.4926149,
            51.8950398
          ],
          [
            -8.4927026,
            51.8950242
          ],
          [
            -8.4927935,
            51.8950079
          ],
          [
            -8.4928907,
            51.8949905
          ],
          [
            -8.4930297,
            51.8949657
          ],
          [
            -8.4935922,
            51.894865
          ],
          [
            -8.4936716,
            51.8948511
          ],
          [
            -8.4939991,
            51.8947914
          ],
          [
            -8.4941079,
            51.8947717
          ]
        ]
      }
    },
    {
      "type": "Feature",
      "properties": {
        "osm_way_id": 22635046,
        "road_ref": "N22",
        "name": "Mardyke Walk"
      },
      "geometry": {
        "type": "LineString",
        "coordinates": [
          [
            -8.4889843,
            51.8964298
          ],
          [
            -8.4888281,
            51.8964742
          ],
          [
            -8.488728,
            51.8964993
          ],
          [
            -8.4880859,
            51.896605
          ],
          [
            -8.4875634,
            51.8967003
          ],
          [
            -8.4874959,
            51.896711
          ],
          [
            -8.4874525,
            51.8967179
          ],
          [
            -8.4873473,
            51.8967368
          ],
          [
            -8.4870195,
            51.8967964
          ],
          [
            -8.4851801,
            51.8971186
          ],
          [
            -8.4850227,
            51.8971477
          ],
          [
            -8.4847558,
            51.897201
          ],
          [
            -8.4847315,
            51.8972064
          ],
          [
            -8.4846588,
            51.8972226
          ],
          [
            -8.4845162,
            51.8972542
          ]
        ]
      }
    },
    {
      "type": "Feature",
      "properties": {
        "osm_way_id": 22635068,
        "road_ref": "N22",
        "name": "Washington Street"
      },
      "geometry": {
        "type": "LineString",
        "coordinates": [
          [
            -8.4782595,
            51.8976275
          ],
          [
            -8.4773352,
            51.8977093
          ]
        ]
      }
    },
    {
      "type": "Feature",
      "properties": {
        "osm_way_id": 22635070,
        "road_ref": "N22",
        "name": "Washington Street"
      },
      "geometry": {
        "type": "LineString",
        "coordinates": [
          [
            -8.4796224,
            51.8975066
          ],
          [
            -8.4803178,
            51.8974389
          ],
          [
            -8.4807259,
            51.8973796
          ],
          [
            -8.4809378,
            51.8973448
          ],
          [
            -8.4810721,
            51.8973226
          ],
          [
            -8.481158,
            51.8973057
          ],
          [
            -8.4815724,
            51.8972146
          ],
          [
            -8.4818798,
            51.8971571
          ],
          [
            -8.4819339,
            51.8971469
          ],
          [
            -8.481988,
            51.8971368
          ],
          [
            -8.4821434,
            51.8971043
          ]
        ]
      }
    },
    {
      "type": "Feature",
      "properties": {
        "osm_way_id": 28831336,
        "road_ref": "N22",
        "name": "N22"
      },
      "geometry": {
        "type": "LineString",
        "coordinates": [
          [
            -9.4579406,
            52.0510828
          ],
          [
            -9.4580391,
            52.0511648
          ],
          [
            -9.4582511,
            52.0513415
          ],
          [
            -9.4587786,
            52.0517612
          ],
          [
            -9.4593552,
            52.0522199
          ],
          [
            -9.4594811,
            52.05232
          ],
          [
            -9.4599943,
            52.0526983
          ]
        ]
      }
    },
    {
      "type": "Feature",
      "properties": {
        "osm_way_id": 30905301,
        "road_ref": "N22",
        "name": "N22"
      },
      "geometry": {
        "type": "LineString",
        "coordinates": [
          [
            -9.5207873,
            52.0751849
          ],
          [
            -9.5202282,
            52.075432
          ],
          [
            -9.519752,
            52.0756296
          ],
          [
            -9.5193446,
            52.0757812
          ],
          [
            -9.519209,
            52.0758223
          ],
          [
            -9.5188665,
            52.0759262
          ],
          [
            -9.5183325,
            52.0760523
          ],
          [
            -9.5181217,
            52.0760905
          ],
          [
            -9.5176148,
            52.0761824
          ],
          [
            -9.5173573,
            52.0762467
          ],
          [
            -9.5170785,
            52.0762979
          ],
          [
            -9.5167782,
            52.076354
          ],
          [
            -9.5163703,
            52.0764613
          ],
          [
            -9.5161343,
            52.0765257
          ],
          [
            -9.5156837,
            52.0766759
          ],
          [
            -9.5152952,
            52.076872
          ],
          [
            -9.5150185,
            52.0771265
          ],
          [
            -9.514838,
            52.0774272
          ],
          [
            -9.5147825,
            52.0776339
          ],
          [
            -9.5147574,
            52.0780361
          ],
          [
            -9.5147722,
            52.0782401
          ],
          [
            -9.5147601,
            52.0785758
          ],
          [
            -9.5147652,
            52.0787874
          ],
          [
            -9.5147731,
            52.0791118
          ],
          [
            -9.5147781,
            52.0793187
          ],
          [
            -9.5147922,
            52.0796531
          ],
          [
            -9.5148559,
            52.0799435
          ],
          [
            -9.5151391,
            52.080343
          ],
          [
            -9.5154444,
            52.0806267
          ],
          [
            -9.5154846,
            52.0806641
          ],
          [
            -9.515792,
            52.0810402
          ],
          [
            -9.5158229,
            52.0810845
          ],
          [
            -9.5159921,
            52.0813273
          ],
          [
            -9.5161296,
            52.0815823
          ],
          [
            -9.5162456,
            52.0818556
          ],
          [
            -9.5163166,
            52.0821235
          ],
          [
            -9.5163596,
            52.0823683
          ],
          [
            -9.5163645,
            52.0826124
          ],
          [
            -9.5163649,
            52.0826304
          ],
          [
            -9.5163413,
            52.0828633
          ],
          [
            -9.5163192,
            52.0829927
          ],
          [
            -9.5163016,
            52.0830961
          ],
          [
            -9.5161619,
            52.0834959
          ]
        ]
      }
    },
    {
      "type": "Feature",
      "properties": {
        "osm_way_id": 34440767,
        "road_ref": "N22",
        "name": "N22"
      },
      "geometry": {
        "type": "LineString",
        "coordinates": [
          [
            -8.571555,
            51.8744869
          ],
          [
            -8.5715518,
            51.8751248
          ]
        ]
      }
    },
    {
      "type": "Feature",
      "properties": {
        "osm_way_id": 35202668,
        "road_ref": "N22",
        "name": "Western Road"
      },
      "geometry": {
        "type": "LineString",
        "coordinates": [
          [
            -8.4887397,
            51.8956273
          ],
          [
            -8.4889579,
            51.8955981
          ]
        ]
      }
    },
    {
      "type": "Feature",
      "properties": {
        "osm_way_id": 35988834,
        "road_ref": "N22",
        "name": "Killarney Bypass"
      },
      "geometry": {
        "type": "LineString",
        "coordinates": [
          [
            -9.4865461,
            52.0631103
          ],
          [
            -9.4867657,
            52.0631975
          ],
          [
            -9.4873139,
            52.0634175
          ],
          [
            -9.4875126,
            52.0634973
          ]
        ]
      }
    },
    {
      "type": "Feature",
      "properties": {
        "osm_way_id": 35988974,
        "road_ref": "N22",
        "name": "Michael D. O'Shea Roundabout"
      },
      "geometry": {
        "type": "LineString",
        "coordinates": [
          [
            -9.4859823,
            52.0630969
          ],
          [
            -9.485905,
            52.0630944
          ],
          [
            -9.485832,
            52.0630785
          ],
          [
            -9.4857692,
            52.0630506
          ],
          [
            -9.4857199,
            52.0630106
          ],
          [
            -9.4856922,
            52.0629634
          ],
          [
            -9.4856886,
            52.0629133
          ],
          [
            -9.4856978,
            52.0628847
          ],
          [
            -9.485715,
            52.0628576
          ],
          [
            -9.4857653,
            52.0628142
          ],
          [
            -9.4858354,
            52.0627828
          ],
          [
            -9.485918,
            52.0627666
          ],
          [
            -9.4859811,
            52.0627654
          ],
          [
            -9.486043,
            52.0627733
          ],
          [
            -9.4861002,
            52.0627897
          ],
          [
            -9.4861558,
            52.0628178
          ],
          [
            -9.4861974,
            52.062854
          ],
          [
            -9.486222,
            52.0628956
          ],
          [
            -9.4862277,
            52.0629419
          ],
          [
            -9.4862124,
            52.0629874
          ],
          [
            -9.4861772,
            52.0630285
          ],
          [
            -9.4861248,
            52.0630621
          ],
          [
            -9.4860577,
            52.0630858
          ],
          [
            -9.4859823,
            52.0630969
          ]
        ]
      }
    },
    {
      "type": "Feature",
      "properties": {
        "osm_way_id": 36770665,
        "road_ref": "N22",
        "name": "Coolcower Bridge"
      },
      "geometry": {
        "type": "LineString",
        "coordinates": [
          [
            -8.93342,
            51.8833269
          ],
          [
            -8.9330755,
            51.8839394
          ],
          [
            -8.9329144,
            51.8842586
          ]
        ]
      }
    },
    {
      "type": "Feature",
      "properties": {
        "osm_way_id": 36770666,
        "road_ref": "N22",
        "name": "N22"
      },
      "geometry": {
        "type": "LineString",
        "coordinates": [
          [
            -8.9329144,
            51.8842586
          ],
          [
            -8.9328648,
            51.8844538
          ],
          [
            -8.9328416,
            51.8845822
          ],
          [
            -8.932805,
            51.8847847
          ],
          [
            -8.9328119,
            51.8849815
          ],
          [
            -8.9328127,
            51.8850029
          ],
          [
            -8.9328566,
            51.8852246
          ],
          [
            -8.9328652,
            51.8852677
          ],
          [
            -8.9329183,
            51.8854574
          ],
          [
            -8.9330021,
            51.8856463
          ],
          [
            -8.9330987,
            51.8858331
          ],
          [
            -8.9332293,
            51.8860411
          ],
          [
            -8.9344986,
            51.8876433
          ]
        ]
      }
    },
    {
      "type": "Feature",
      "properties": {
        "osm_way_id": 40950946,
        "road_ref": "N22",
        "name": "Grand Parade"
      },
      "geometry": {
        "type": "LineString",
        "coordinates": [
          [
            -8.4753651,
            51.8979775
          ],
          [
            -8.475553,
            51.8983586
          ]
        ]
      }
    },
    {
      "type": "Feature",
      "properties": {
        "osm_way_id": 55637447,
        "road_ref": "N22",
        "name": "Park Road Roundabout"
      },
      "geometry": {
        "type": "LineString",
        "coordinates": [
          [
            -9.4829706,
            52.0604234
          ],
          [
            -9.4830368,
            52.0603742
          ],
          [
            -9.4831301,
            52.0603462
          ]
        ]
      }
    },
    {
      "type": "Feature",
      "properties": {
        "osm_way_id": 61188951,
        "road_ref": "N22",
        "name": "Washington Street"
      },
      "geometry": {
        "type": "LineString",
        "coordinates": [
          [
            -8.4765343,
            51.8977998
          ],
          [
            -8.4757841,
            51.8979165
          ]
        ]
      }
    },
    {
      "type": "Feature",
      "properties": {
        "osm_way_id": 65198900,
        "road_ref": "N22",
        "name": "Ballincollig Bypass"
      },
      "geometry": {
        "type": "LineString",
        "coordinates": [
          [
            -8.6111161,
            51.8761964
          ],
          [
            -8.6108354,
            51.8760982
          ],
          [
            -8.610033,
            51.8758635
          ],
          [
            -8.6093387,
            51.8756596
          ],
          [
            -8.6085741,
            51.8754403
          ],
          [
            -8.6076173,
            51.8751669
          ],
          [
            -8.6066827,
            51.8749112
          ],
          [
            -8.6056346,
            51.8746469
          ],
          [
            -8.6044652,
            51.874371
          ],
          [
            -8.6032568,
            51.8741114
          ],
          [
            -8.6024449,
            51.8739555
          ],
          [
            -8.6016433,
            51.8738083
          ],
          [
            -8.6008126,
            51.8736668
          ],
          [
            -8.5999402,
            51.873533
          ],
          [
            -8.5988852,
            51.8733815
          ],
          [
            -8.5978186,
            51.8732474
          ],
          [
            -8.5972208,
            51.8731774
          ],
          [
            -8.5966222,
            51.873116
          ],
          [
            -8.5959785,
            51.8730547
          ],
          [
            -8.5953405,
            51.8729985
          ],
          [
            -8.5942495,
            51.8729176
          ],
          [
            -8.5930645,
            51.8728553
          ],
          [
            -8.5918762,
            51.8728098
          ],
          [
            -8.5912191,
            51.8727911
          ],
          [
            -8.5905652,
            51.87278
          ],
          [
            -8.590037,
            51.8727751
          ],
          [
            -8.5895129,
            51.8727778
          ],
          [
            -8.5885502,
            51.8727834
          ],
          [
            -8.5874395,
            51.8728121
          ],
          [
            -8.5861614,
            51.8728644
          ],
          [
            -8.5855498,
            51.8728957
          ],
          [
            -8.5849399,
            51.8729337
          ],
          [
            -8.5841846,
            51.872991
          ],
          [
            -8.5834326,
            51.8730563
          ],
          [
            -8.5821852,
            51.8731791
          ],
          [
            -8.5807072,
            51.8733567
          ],
          [
            -8.5793828,
            51.8735425
          ],
          [
            -8.5782052,
            51.8737308
          ]
        ]
      }
    },
    {
      "type": "Feature",
      "properties": {
        "osm_way_id": 65503428,
        "road_ref": "N22",
        "name": "Carrigrohane"
      },
      "geometry": {
        "type": "LineString",
        "coordinates": [
          [
            -8.5625293,
            51.8958812
          ],
          [
            -8.5625151,
            51.8958864
          ],
          [
            -8.5623717,
            51.8959386
          ]
        ]
      }
    },
    {
      "type": "Feature",
      "properties": {
        "osm_way_id": 65503429,
        "road_ref": "N22",
        "name": "Carrigrohane"
      },
      "geometry": {
        "type": "LineString",
        "coordinates": [
          [
            -8.5684989,
            51.8921713
          ],
          [
            -8.5684789,
            51.8920753
          ],
          [
            -8.5684577,
            51.8920068
          ],
          [
            -8.5684282,
            51.8919476
          ],
          [
            -8.5683346,
            51.8918538
          ],
          [
            -8.5682377,
            51.8917547
          ]
        ]
      }
    },
    {
      "type": "Feature",
      "properties": {
        "osm_way_id": 69600623,
        "road_ref": "N22",
        "name": "Carrigrohane Road"
      },
      "geometry": {
        "type": "LineString",
        "coordinates": [
          [
            -8.5221567,
            51.8943077
          ],
          [
            -8.5201879,
            51.8941386
          ],
          [
            -8.5193125,
            51.8940635
          ]
        ]
      }
    },
    {
      "type": "Feature",
      "properties": {
        "osm_way_id": 69600624,
        "road_ref": "N22",
        "name": "Carrigrohane Road"
      },
      "geometry": {
        "type": "LineString",
        "coordinates": [
          [
            -8.5563874,
            51.8971713
          ],
          [
            -8.5547027,
            51.8970317
          ]
        ]
      }
    },
    {
      "type": "Feature",
      "properties": {
        "osm_way_id": 69600627,
        "road_ref": "N22",
        "name": "Carrigrohane Road"
      },
      "geometry": {
        "type": "LineString",
        "coordinates": [
          [
            -8.5095762,
            51.8932404
          ],
          [
            -8.5095348,
            51.8932324
          ],
          [
            -8.508816,
            51.8931758
          ],
          [
            -8.508749,
            51.89317
          ],
          [
            -8.50869,
            51.8931648
          ],
          [
            -8.5086551,
            51.8931626
          ],
          [
            -8.5085581,
            51.8931566
          ],
          [
            -8.5084779,
            51.8931487
          ],
          [
            -8.5077651,
            51.8930922
          ],
          [
            -8.5072752,
            51.8930559
          ],
          [
            -8.5071054,
            51.8930433
          ],
          [
            -8.5069614,
            51.8930318
          ]
        ]
      }
    },
    {
      "type": "Feature",
      "properties": {
        "osm_way_id": 69900895,
        "road_ref": "N22",
        "name": "N22"
      },
      "geometry": {
        "type": "LineString",
        "coordinates": [
          [
            -8.5713738,
            51.8776903
          ],
          [
            -8.5714309,
            51.8758673
          ],
          [
            -8.5714217,
            51.8757333
          ],
          [
            -8.5713761,
            51.8755934
          ]
        ]
      }
    },
    {
      "type": "Feature",
      "properties": {
        "osm_way_id": 74994132,
        "road_ref": "N22",
        "name": "Macroom Road"
      },
      "geometry": {
        "type": "LineString",
        "coordinates": [
          [
            -8.675473,
            51.8830342
          ],
          [
            -8.6761701,
            51.8829891
          ],
          [
            -8.6767994,
            51.8829228
          ]
        ]
      }
    },
    {
      "type": "Feature",
      "properties": {
        "osm_way_id": 74994133,
        "road_ref": "N22",
        "name": "Macroom Road"
      },
      "geometry": {
        "type": "LineString",
        "coordinates": [
          [
            -8.7295091,
            51.8723868
          ],
          [
            -8.7317519,
            51.8722997
          ],
          [
            -8.7318991,
            51.8722881
          ],
          [
            -8.732313,
            51.872254
          ],
          [
            -8.7325875,
            51.8722274
          ],
          [
            -8.7328518,
            51.8722032
          ],
          [
            -8.7331255,
            51.8721722
          ],
          [
            -8.7335199,
            51.8721224
          ],
          [
            -8.7342963,
            51.8720085
          ],
          [
            -8.7352387,
            51.8718727
          ]
        ]
      }
    },
    {
      "type": "Feature",
      "properties": {
        "osm_way_id": 74994136,
        "road_ref": "N22",
        "name": "N22"
      },
      "geometry": {
        "type": "LineString",
        "coordinates": [
          [
            -8.7352387,
            51.8718727
          ],
          [
            -8.7363306,
            51.8717201
          ],
          [
            -8.7368737,
            51.8716345
          ],
          [
            -8.7387882,
            51.8713326
          ],
          [
            -8.7396863,
            51.8711474
          ],
          [
            -8.7406203,
            51.8709407
          ],
          [
            -8.741373,
            51.8707741
          ],
          [
            -8.7420353,
            51.8706137
          ],
          [
            -8.7434029,
            51.8702028
          ],
          [
            -8.7448949,
            51.8697063
          ],
          [
            -8.7451087,
            51.8696352
          ],
          [
            -8.7461035,
            51.8693127
          ],
          [
            -8.7473508,
            51.8688797
          ],
          [
            -8.7498208,
            51.868075
          ],
          [
            -8.7510761,
            51.8677445
          ],
          [
            -8.751318,
            51.8676808
          ],
          [
            -8.7528375,
            51.867405
          ],
          [
            -8.7551104,
            51.8671718
          ],
          [
            -8.7556407,
            51.8671323
          ],
          [
            -8.7575023,
            51.8669937
          ],
          [
            -8.7597915,
            51.8668305
          ],
          [
            -8.7615758,
            51.8666914
          ],
          [
            -8.7623968,
            51.8666357
          ],
          [
            -8.7626501,
            51.8666047
          ],
          [
            -8.7632612,
            51.8665298
          ],
          [
            -8.7640039,
            51.8664179
          ],
          [
            -8.7649324,
            51.8662393
          ],
          [
            -8.7663279,
            51.8659442
          ],
          [
            -8.7686051,
            51.8654667
          ],
          [
            -8.7690464,
            51.8653733
          ],
          [
            -8.7701026,
            51.8651496
          ],
          [
            -8.7717257,
            51.8648083
          ],
          [
            -8.7726892,
            51.8645955
          ],
          [
            -8.7736152,
            51.8643948
          ],
          [
            -8.7754607,
            51.8639954
          ],
          [
            -8.7775938,
            51.8635265
          ],
          [
            -8.7782914,
            51.8633655
          ],
          [
            -8.7785354,
            51.8633092
          ],
          [
            -8.7789868,
            51.8631841
          ],
          [
            -8.7795017,
            51.8630414
          ],
          [
            -8.7802545,
            51.8628423
          ],
          [
            -8.7809975,
            51.8625939
          ],
          [
            -8.7813894,
            51.8624648
          ],
          [
            -8.7819904,
            51.8622668
          ],
          [
            -8.7834488,
            51.8617865
          ],
          [
            -8.7841706,
            51.8615442
          ],
          [
            -8.784846,
            51.861346
          ],
          [
            -8.7860452,
            51.861054
          ],
          [
            -8.7877411,
            51.8606881
          ],
          [
            -8.7912191,
            51.8600332
          ],
          [
            -8.7944036,
            51.8593937
          ],
          [
            -8.7963838,
            51.8590129
          ],
          [
            -8.7973395,
            51.85883
          ],
          [
            -8.7984322,
            51.8586072
          ],
          [
            -8.7996316,
            51.8583594
          ],
          [
            -8.8009796,
            51.8580537
          ],
          [
            -8.8019673,
            51.8578206
          ],
          [
            -8.8028797,
            51.857552
          ],
          [
            -8.8032781,
            51.8574348
          ],
          [
            -8.8036759,
            51.8573177
          ],
          [
            -8.8046995,
            51.8569972
          ],
          [
            -8.8060197,
            51.8565852
          ],
          [
            -8.809059,
            51.8556373
          ],
          [
            -8.8102169,
            51.8552762
          ],
          [
            -8.8120625,
            51.8546832
          ],
          [
            -8.8124459,
            51.8545536
          ]
        ]
      }
    },
    {
      "type": "Feature",
      "properties": {
        "osm_way_id": 74994152,
        "road_ref": "N22",
        "name": "Macroom Road"
      },
      "geometry": {
        "type": "LineString",
        "coordinates": [
          [
            -8.6808883,
            51.8817046
          ],
          [
            -8.6814598,
            51.8815159
          ],
          [
            -8.6818257,
            51.8813947
          ],
          [
            -8.6822613,
            51.8812502
          ],
          [
            -8.6825667,
            51.881161
          ],
          [
            -8.6831446,
            51.8809942
          ],
          [
            -8.6837948,
            51.8808475
          ],
          [
            -8.6842972,
            51.8807535
          ],
          [
            -8.6848483,
            51.8806853
          ],
          [
            -8.6853573,
            51.8806412
          ],
          [
            -8.6859687,
            51.8805996
          ],
          [
            -8.6864984,
            51.8805778
          ],
          [
            -8.6872867,
            51.8805476
          ],
          [
            -8.6877358,
            51.8805284
          ],
          [
            -8.6884982,
            51.8804812
          ],
          [
            -8.6891058,
            51.8804088
          ],
          [
            -8.6895797,
            51.8803263
          ],
          [
            -8.6904487,
            51.8800848
          ],
          [
            -8.6912045,
            51.879804
          ],
          [
            -8.6931559,
            51.8789859
          ],
          [
            -8.6935733,
            51.8788291
          ]
        ]
      }
    },
    {
      "type": "Feature",
      "properties": {
        "osm_way_id": 78272265,
        "road_ref": "N22",
        "name": "N22"
      },
      "geometry": {
        "type": "LineString",
        "coordinates": [
          [
            -8.5703582,
            51.8851487
          ],
          [
            -8.5705699,
            51.884797
          ],
          [
            -8.5707436,
            51.8844363
          ],
          [
            -8.5708858,
            51.8840927
          ],
          [
            -8.5710182,
            51.8837014
          ],
          [
            -8.5710201,
            51.8835847
          ],
          [
            -8.5710014,
            51.883438
          ]
        ]
      }
    },
    {
      "type": "Feature",
      "properties": {
        "osm_way_id": 86219454,
        "road_ref": "N22",
        "name": "N22"
      },
      "geometry": {
        "type": "LineString",
        "coordinates": [
          [
            -9.4553656,
            52.0491927
          ],
          [
            -9.45661,
            52.0501044
          ],
          [
            -9.4567527,
            52.0502095
          ],
          [
            -9.4570023,
            52.0503932
          ]
        ]
      }
    },
    {
      "type": "Feature",
      "properties": {
        "osm_way_id": 86219463,
        "road_ref": "N22",
        "name": "Cork Road"
      },
      "geometry": {
        "type": "LineString",
        "coordinates": [
          [
            -9.4810099,
            52.0592551
          ],
          [
            -9.4811864,
            52.0593273
          ],
          [
            -9.4814319,
            52.0594332
          ],
          [
            -9.481534,
            52.059488
          ],
          [
            -9.4816401,
            52.059545
          ],
          [
            -9.4818676,
            52.0596754
          ],
          [
            -9.481994,
            52.0597495
          ],
          [
            -9.4823809,
            52.0599713
          ],
          [
            -9.4823945,
            52.0599791
          ],
          [
            -9.4824126,
            52.0599901
          ],
          [
            -9.4825974,
            52.0601025
          ]
        ]
      }
    },
    {
      "type": "Feature",
      "properties": {
        "osm_way_id": 86219466,
        "road_ref": "N22",
        "name": "N22"
      },
      "geometry": {
        "type": "LineString",
        "coordinates": [
          [
            -9.4599943,
            52.0526983
          ],
          [
            -9.4601581,
            52.052811
          ],
          [
            -9.4604786,
            52.0530316
          ],
          [
            -9.4607423,
            52.053196
          ],
          [
            -9.4609592,
            52.0533312
          ],
          [
            -9.4614241,
            52.0536078
          ],
          [
            -9.4622135,
            52.0540202
          ],
          [
            -9.4631252,
            52.0544922
          ],
          [
            -9.463415,
            52.0546422
          ],
          [
            -9.4637193,
            52.0547998
          ],
          [
            -9.4638312,
            52.0548577
          ],
          [
            -9.4642801,
            52.0550822
          ],
          [
            -9.4646161,
            52.0552502
          ],
          [
            -9.4650389,
            52.0554617
          ],
          [
            -9.4650662,
            52.0554751
          ],
          [
            -9.465169,
            52.0555301
          ],
          [
            -9.4658509,
            52.0558947
          ]
        ]
      }
    },
    {
      "type": "Feature",
      "properties": {
        "osm_way_id": 86219476,
        "road_ref": "N22",
        "name": "Cork Road"
      },
      "geometry": {
        "type": "LineString",
        "coordinates": [
          [
            -9.4719836,
            52.0578843
          ],
          [
            -9.473312,
            52.0581819
          ],
          [
            -9.4742739,
            52.0584135
          ],
          [
            -9.4751319,
            52.0585737
          ],
          [
            -9.4758518,
            52.058671
          ],
          [
            -9.4764987,
            52.0587124
          ],
          [
            -9.4768049,
            52.0587238
          ],
          [
            -9.4772452,
            52.0587402
          ],
          [
            -9.4776605,
            52.0587556
          ],
          [
            -9.4778286,
            52.0587642
          ],
          [
            -9.4785488,
            52.0588011
          ],
          [
            -9.4793836,
            52.0588932
          ],
          [
            -9.4796918,
            52.0589347
          ]
        ]
      }
    },
    {
      "type": "Feature",
      "properties": {
        "osm_way_id": 86273164,
        "road_ref": "N22",
        "name": "N22"
      },
      "geometry": {
        "type": "LineString",
        "coordinates": [
          [
            -9.3148887,
            51.9818292
          ],
          [
            -9.3153814,
            51.9817367
          ],
          [
            -9.3158828,
            51.9816438
          ],
          [
            -9.3165077,
            51.9815587
          ],
          [
            -9.3171111,
            51.9815033
          ],
          [
            -9.3185676,
            51.9815003
          ],
          [
            -9.3191301,
            51.9815684
          ],
          [
            -9.3197454,
            51.9816727
          ],
          [
            -9.3202439,
            51.9817924
          ],
          [
            -9.3210509,
            51.9820304
          ],
          [
            -9.3214885,
            51.9821766
          ],
          [
            -9.3218463,
            51.9822939
          ],
          [
            -9.3228684,
            51.9826292
          ],
          [
            -9.3235871,
            51.9828675
          ],
          [
            -9.3247944,
            51.9832678
          ],
          [
            -9.3271239,
            51.9840329
          ],
          [
            -9.3274493,
            51.9841587
          ],
          [
            -9.3278226,
            51.9843031
          ],
          [
            -9.3282637,
            51.9845219
          ],
          [
            -9.3286703,
            51.9847527
          ],
          [
            -9.3289127,
            51.9849101
          ],
          [
            -9.3290945,
            51.9850282
          ],
          [
            -9.329512,
            51.985376
          ],
          [
            -9.3296985,
            51.9855511
          ],
          [
            -9.3300774,
            51.9860095
          ],
          [
            -9.3303495,
            51.9864043
          ],
          [
            -9.3304304,
            51.986527
          ],
          [
            -9.3306367,
            51.9868398
          ],
          [
            -9.3308202,
            51.987118
          ],
          [
            -9.3308441,
            51.9871543
          ],
          [
            -9.3308594,
            51.9871774
          ],
          [
            -9.3321491,
            51.989104
          ],
          [
            -9.3323369,
            51.9893928
          ],
          [
            -9.332467,
            51.9895889
          ],
          [
            -9.3334391,
            51.9910536
          ],
          [
            -9.3339532,
            51.9921028
          ],
          [
            -9.334152,
            51.9926473
          ],
          [
            -9.3342438,
            51.9928987
          ],
          [
            -9.3346337,
            51.9939282
          ],
          [
            -9.3347179,
            51.994138
          ],
          [
            -9.3348382,
            51.9944381
          ],
          [
            -9.3350387,
            51.9949452
          ],
          [
            -9.335253,
            51.9955211
          ],
          [
            -9.3354534,
            51.9960095
          ],
          [
            -9.3356151,
            51.996272
          ],
          [
            -9.3358453,
            51.9965913
          ],
          [
            -9.3361857,
            51.9969634
          ],
          [
            -9.3365727,
            51.9973192
          ],
          [
            -9.3370148,
            51.9976597
          ],
          [
            -9.337435,
            51.9979411
          ],
          [
            -9.337915,
            51.9982193
          ],
          [
            -9.3380369,
            51.9982842
          ],
          [
            -9.3383949,
            51.9984768
          ]
        ]
      }
    },
    {
      "type": "Feature",
      "properties": {
        "osm_way_id": 86273172,
        "road_ref": "N22",
        "name": "N22"
      },
      "geometry": {
        "type": "LineString",
        "coordinates": [
          [
            -9.3144405,
            51.9819268
          ],
          [
            -9.3148887,
            51.9818292
          ]
        ]
      }
    },
    {
      "type": "Feature",
      "properties": {
        "osm_way_id": 129518739,
        "road_ref": "N22",
        "name": "Courthouse Street"
      },
      "geometry": {
        "type": "LineString",
        "coordinates": [
          [
            -8.4794166,
            51.8981463
          ],
          [
            -8.4793995,
            51.89811
          ],
          [
            -8.4793911,
            51.8980969
          ],
          [
            -8.4793102,
            51.8978865
          ]
        ]
      }
    },
    {
      "type": "Feature",
      "properties": {
        "osm_way_id": 131241152,
        "road_ref": "N22",
        "name": "Macroom Road"
      },
      "geometry": {
        "type": "LineString",
        "coordinates": [
          [
            -8.6493892,
            51.8790763
          ],
          [
            -8.6499103,
            51.8792921
          ],
          [
            -8.6506529,
            51.8795897
          ],
          [
            -8.6510815,
            51.879738
          ],
          [
            -8.6514768,
            51.8798559
          ],
          [
            -8.6517107,
            51.8799184
          ],
          [
            -8.6519487,
            51.8799759
          ],
          [
            -8.652151,
            51.8800212
          ],
          [
            -8.652372,
            51.8800655
          ],
          [
            -8.6530726,
            51.8801978
          ],
          [
            -8.6531814,
            51.8802161
          ],
          [
            -8.654042,
            51.8803434
          ],
          [
            -8.654915,
            51.8804438
          ]
        ]
      }
    },
    {
      "type": "Feature",
      "properties": {
        "osm_way_id": 155339714,
        "road_ref": "N22",
        "name": "Ballincollig Bypass"
      },
      "geometry": {
        "type": "LineString",
        "coordinates": [
          [
            -8.577177,
            51.8737421
          ],
          [
            -8.5782227,
            51.8735646
          ],
          [
            -8.5794507,
            51.8733677
          ],
          [
            -8.5806749,
            51.8732018
          ],
          [
            -8.5821165,
            51.8730223
          ],
          [
            -8.5834086,
            51.8728969
          ],
          [
            -8.5841612,
            51.8728315
          ],
          [
            -8.5849212,
            51.8727764
          ],
          [
            -8.5855394,
            51.8727372
          ],
          [
            -8.5861624,
            51.8727041
          ],
          [
            -8.5874386,
            51.8726504
          ],
          [
            -8.5885417,
            51.8726258
          ],
          [
            -8.589506,
            51.8726152
          ],
          [
            -8.5900383,
            51.8726171
          ],
          [
            -8.5905788,
            51.8726224
          ],
          [
            -8.5911976,
            51.872633
          ],
          [
            -8.5918172,
            51.8726461
          ],
          [
            -8.5924466,
            51.872668
          ],
          [
            -8.5930726,
            51.8726955
          ],
          [
            -8.5940459,
            51.8727474
          ],
          [
            -8.5953808,
            51.872841
          ],
          [
            -8.5966839,
            51.8729608
          ],
          [
            -8.5972705,
            51.8730226
          ],
          [
            -8.5978653,
            51.8730899
          ],
          [
            -8.5989462,
            51.8732265
          ],
          [
            -8.5999152,
            51.8733625
          ],
          [
            -8.600807,
            51.8735032
          ],
          [
            -8.6016293,
            51.8736416
          ],
          [
            -8.6025065,
            51.8737987
          ],
          [
            -8.6034717,
            51.8739915
          ],
          [
            -8.6045237,
            51.87422
          ],
          [
            -8.6051113,
            51.8743507
          ],
          [
            -8.605704,
            51.874495
          ],
          [
            -8.6067268,
            51.8747524
          ],
          [
            -8.6072011,
            51.8748754
          ],
          [
            -8.6076704,
            51.8750039
          ],
          [
            -8.6086085,
            51.8752717
          ],
          [
            -8.6093248,
            51.8754797
          ],
          [
            -8.6100675,
            51.8756896
          ],
          [
            -8.610863,
            51.8759262
          ],
          [
            -8.6114354,
            51.876087
          ]
        ]
      }
    },
    {
      "type": "Feature",
      "properties": {
        "osm_way_id": 165723781,
        "road_ref": "N22",
        "name": "Mardyke Walk"
      },
      "geometry": {
        "type": "LineString",
        "coordinates": [
          [
            -8.4894756,
            51.89575
          ],
          [
            -8.4894495,
            51.8958033
          ],
          [
            -8.4894317,
            51.8958589
          ],
          [
            -8.4893691,
            51.896086
          ],
          [
            -8.4893159,
            51.8961822
          ],
          [
            -8.4892846,
            51.8962268
          ]
        ]
      }
    },
    {
      "type": "Feature",
      "properties": {
        "osm_way_id": 165723785,
        "road_ref": "N22",
        "name": "Western Road"
      },
      "geometry": {
        "type": "LineString",
        "coordinates": [
          [
            -8.4894345,
            51.8955391
          ],
          [
            -8.4896722,
            51.8955058
          ],
          [
            -8.4901101,
            51.8954614
          ]
        ]
      }
    },
    {
      "type": "Feature",
      "properties": {
        "osm_way_id": 168706423,
        "road_ref": "N22",
        "name": "N22"
      },
      "geometry": {
        "type": "LineString",
        "coordinates": [
          [
            -9.3932281,
            52.0283213
          ],
          [
            -9.3938879,
            52.0287585
          ]
        ]
      }
    },
    {
      "type": "Feature",
      "properties": {
        "osm_way_id": 168706424,
        "road_ref": "N22",
        "name": "N22"
      },
      "geometry": {
        "type": "LineString",
        "coordinates": [
          [
            -9.3938879,
            52.0287585
          ],
          [
            -9.3942291,
            52.0289835
          ],
          [
            -9.3953899,
            52.0298249
          ],
          [
            -9.3983725,
            52.0318581
          ],
          [
            -9.4003388,
            52.0331717
          ]
        ]
      }
    },
    {
      "type": "Feature",
      "properties": {
        "osm_way_id": 168760868,
        "road_ref": "N22",
        "name": "N22"
      },
      "geometry": {
        "type": "LineString",
        "coordinates": [
          [
            -9.4579406,
            52.0510828
          ],
          [
            -9.457494,
            52.0509092
          ]
        ]
      }
    },
    {
      "type": "Feature",
      "properties": {
        "osm_way_id": 168760869,
        "road_ref": "N22",
        "name": "N22"
      },
      "geometry": {
        "type": "LineString",
        "coordinates": [
          [
            -9.4576609,
            52.0507733
          ],
          [
            -9.4579406,
            52.0510828
          ]
        ]
      }
    },
    {
      "type": "Feature",
      "properties": {
        "osm_way_id": 168760870,
        "road_ref": "N22",
        "name": "N22"
      },
      "geometry": {
        "type": "LineString",
        "coordinates": [
          [
            -9.4571631,
            52.0506652
          ],
          [
            -9.4570023,
            52.0503932
          ]
        ]
      }
    },
    {
      "type": "Feature",
      "properties": {
        "osm_way_id": 168760871,
        "road_ref": "N22",
        "name": "N22"
      },
      "geometry": {
        "type": "LineString",
        "coordinates": [
          [
            -9.4570023,
            52.0503932
          ],
          [
            -9.4574277,
            52.0505897
          ]
        ]
      }
    },
    {
      "type": "Feature",
      "properties": {
        "osm_way_id": 168871163,
        "road_ref": "N22",
        "name": "Cork Road"
      },
      "geometry": {
        "type": "LineString",
        "coordinates": [
          [
            -9.4829706,
            52.0604234
          ],
          [
            -9.4829317,
            52.0603561
          ],
          [
            -9.4828736,
            52.0602934
          ],
          [
            -9.4827775,
            52.0602047
          ]
        ]
      }
    },
    {
      "type": "Feature",
      "properties": {
        "osm_way_id": 168871164,
        "road_ref": "N22",
        "name": "Cork Road"
      },
      "geometry": {
        "type": "LineString",
        "coordinates": [
          [
            -9.4827775,
            52.0602047
          ],
          [
            -9.4828817,
            52.0602568
          ],
          [
            -9.4830127,
            52.0603169
          ],
          [
            -9.4831301,
            52.0603462
          ]
        ]
      }
    },
    {
      "type": "Feature",
      "properties": {
        "osm_way_id": 168871169,
        "road_ref": "N22",
        "name": "Killarney Bypass"
      },
      "geometry": {
        "type": "LineString",
        "coordinates": [
          [
            -9.4833485,
            52.0606091
          ],
          [
            -9.4833486,
            52.0607502
          ],
          [
            -9.4833922,
            52.0608931
          ]
        ]
      }
    },
    {
      "type": "Feature",
      "properties": {
        "osm_way_id": 168871171,
        "road_ref": "N22",
        "name": "Killarney Bypass"
      },
      "geometry": {
        "type": "LineString",
        "coordinates": [
          [
            -9.4833922,
            52.0608931
          ],
          [
            -9.4835611,
            52.0611043
          ],
          [
            -9.4836626,
            52.0612527
          ],
          [
            -9.4837519,
            52.0613849
          ],
          [
            -9.4838265,
            52.0614605
          ],
          [
            -9.4839709,
            52.0616068
          ],
          [
            -9.4841921,
            52.0618067
          ],
          [
            -9.4844172,
            52.0619833
          ],
          [
            -9.484554,
            52.0620881
          ],
          [
            -9.4846186,
            52.0621258
          ],
          [
            -9.4850539,
            52.0623794
          ],
          [
            -9.4850971,
            52.0624046
          ],
          [
            -9.4851403,
            52.0624297
          ],
          [
            -9.4853659,
            52.0625612
          ],
          [
            -9.485573,
            52.0626739
          ]
        ]
      }
    },
    {
      "type": "Feature",
      "properties": {
        "osm_way_id": 174674984,
        "road_ref": "N22",
        "name": "Poulavone Roundabout"
      },
      "geometry": {
        "type": "LineString",
        "coordinates": [
          [
            -8.5681338,
            51.891425
          ],
          [
            -8.5681764,
            51.8913879
          ],
          [
            -8.568229,
            51.8913561
          ],
          [
            -8.5683096,
            51.8913244
          ],
          [
            -8.5683999,
            51.8913051
          ],
          [
            -8.568495,
            51.8912993
          ],
          [
            -8.5685897,
            51.8913073
          ],
          [
            -8.5686788,
            51.8913287
          ],
          [
            -8.5687338,
            51.8913477
          ]
        ]
      }
    },
    {
      "type": "Feature",
      "properties": {
        "osm_way_id": 180221539,
        "road_ref": "N22",
        "name": "N22"
      },
      "geometry": {
        "type": "LineString",
        "coordinates": [
          [
            -8.5716747,
            51.8743488
          ],
          [
            -8.5716131,
            51.8743962
          ],
          [
            -8.571555,
            51.8744869
          ]
        ]
      }
    },
    {
      "type": "Feature",
      "properties": {
        "osm_way_id": 180221540,
        "road_ref": "N22",
        "name": "N22"
      },
      "geometry": {
        "type": "LineString",
        "coordinates": [
          [
            -8.5715518,
            51.8751248
          ],
          [
            -8.5715911,
            51.875224
          ],
          [
            -8.5716391,
            51.8752799
          ]
        ]
      }
    },
    {
      "type": "Feature",
      "properties": {
        "osm_way_id": 180221543,
        "road_ref": "N22",
        "name": "N22"
      },
      "geometry": {
        "type": "LineString",
        "coordinates": [
          [
            -8.571555,
            51.8744869
          ],
          [
            -8.5715067,
            51.8744051
          ],
          [
            -8.5714117,
            51.8743242
          ]
        ]
      }
    },
    {
      "type": "Feature",
      "properties": {
        "osm_way_id": 180221546,
        "road_ref": "N22",
        "name": "N22"
      },
      "geometry": {
        "type": "LineString",
        "coordinates": [
          [
            -8.5714061,
            51.8752975
          ],
          [
            -8.5714897,
            51.8752274
          ],
          [
            -8.5715518,
            51.8751248
          ]
        ]
      }
    },
    {
      "type": "Feature",
      "properties": {
        "osm_way_id": 180221551,
        "road_ref": "N22",
        "name": "N22"
      },
      "geometry": {
        "type": "LineString",
        "coordinates": [
          [
            -8.5718413,
            51.8741397
          ],
          [
            -8.5720012,
            51.8741712
          ],
          [
            -8.572171,
            51.8741956
          ],
          [
            -8.5722555,
            51.8742052
          ],
          [
            -8.572362,
            51.8742076
          ],
          [
            -8.5727131,
            51.8742035
          ],
          [
            -8.5730788,
            51.8741973
          ],
          [
            -8.5733819,
            51.8741888
          ],
          [
            -8.5737349,
            51.8741672
          ],
          [
            -8.5741453,
            51.8741307
          ],
          [
            -8.5745658,
            51.8740847
          ],
          [
            -8.5753766,
            51.8739721
          ],
          [
            -8.5763747,
            51.873821
          ],
          [
            -8.577177,
            51.8737421
          ]
        ]
      }
    },
    {
      "type": "Feature",
      "properties": {
        "osm_way_id": 182651962,
        "road_ref": "N22",
        "name": "Dyke Parade"
      },
      "geometry": {
        "type": "LineString",
        "coordinates": [
          [
            -8.4845162,
            51.8972542
          ],
          [
            -8.4844098,
            51.8972898
          ],
          [
            -8.4841794,
            51.8973668
          ],
          [
            -8.4839585,
            51.8974407
          ],
          [
            -8.4837532,
            51.8975194
          ],
          [
            -8.4831378,
            51.8977555
          ],
          [
            -8.4828671,
            51.8978665
          ],
          [
            -8.4827687,
            51.8979069
          ]
        ]
      }
    },
    {
      "type": "Feature",
      "properties": {
        "osm_way_id": 204614031,
        "road_ref": "N22",
        "name": "Victoria Cross Road"
      },
      "geometry": {
        "type": "LineString",
        "coordinates": [
          [
            -8.5051458,
            51.892864
          ],
          [
            -8.505033,
            51.8928525
          ],
          [
            -8.5049297,
            51.8928449
          ],
          [
            -8.5048277,
            51.8928373
          ],
          [
            -8.5047193,
            51.8928287
          ],
          [
            -8.5046183,
            51.8928207
          ],
          [
            -8.5045646,
            51.8928165
          ],
          [
            -8.5043771,
            51.8928016
          ],
          [
            -8.5043064,
            51.892796
          ],
          [
            -8.5041234,
            51.8927815
          ]
        ]
      }
    },
    {
      "type": "Feature",
      "properties": {
        "osm_way_id": 204614032,
        "road_ref": "N22",
        "name": "Victoria Cross Road"
      },
      "geometry": {
        "type": "LineString",
        "coordinates": [
          [
            -8.5041234,
            51.8927815
          ],
          [
            -8.5040587,
            51.8927774
          ],
          [
            -8.5038562,
            51.8927668
          ],
          [
            -8.5037723,
            51.8927614
          ],
          [
            -8.5035851,
            51.8927539
          ],
          [
            -8.5035532,
            51.8927522
          ],
          [
            -8.5034117,
            51.8927556
          ],
          [
            -8.503355,
            51.8927585
          ],
          [
            -8.5032574,
            51.8927675
          ],
          [
            -8.5031231,
            51.8927895
          ],
          [
            -8.50306,
            51.8928081
          ],
          [
            -8.5030235,
            51.8928237
          ],
          [
            -8.5029939,
            51.8928363
          ],
          [
            -8.5029404,
            51.8928682
          ]
        ]
      }
    },
    {
      "type": "Feature",
      "properties": {
        "osm_way_id": 207368537,
        "road_ref": "N22",
        "name": "Killarney Bypass"
      },
      "geometry": {
        "type": "LineString",
        "coordinates": [
          [
            -9.5059668,
            52.0695301
          ],
          [
            -9.5061263,
            52.0695506
          ]
        ]
      }
    },
    {
      "type": "Feature",
      "properties": {
        "osm_way_id": 207368538,
        "road_ref": "N22",
        "name": "Killarney Bypass"
      },
      "geometry": {
        "type": "LineString",
        "coordinates": [
          [
            -9.5061263,
            52.0695506
          ],
          [
            -9.5064621,
            52.0695936
          ]
        ]
      }
    },
    {
      "type": "Feature",
      "properties": {
        "osm_way_id": 217748544,
        "road_ref": "N22",
        "name": "N22"
      },
      "geometry": {
        "type": "LineString",
        "coordinates": [
          [
            -9.5160883,
            52.0836797
          ],
          [
            -9.5159881,
            52.0839191
          ],
          [
            -9.5158151,
            52.0843326
          ],
          [
            -9.5155223,
            52.084851
          ],
          [
            -9.5152794,
            52.0851548
          ],
          [
            -9.5139204,
            52.086589
          ],
          [
            -9.5136545,
            52.0870135
          ],
          [
            -9.5134735,
            52.0873618
          ],
          [
            -9.5133324,
            52.0878415
          ],
          [
            -9.513265,
            52.0880707
          ],
          [
            -9.5132481,
            52.088128
          ],
          [
            -9.5132243,
            52.0882089
          ],
          [
            -9.5131516,
            52.0884562
          ],
          [
            -9.5130577,
            52.0888298
          ],
          [
            -9.5130658,
            52.0891428
          ],
          [
            -9.5131731,
            52.0894861
          ],
          [
            -9.5134521,
            52.0900011
          ],
          [
            -9.5140719,
            52.0908223
          ],
          [
            -9.5144541,
            52.0912861
          ],
          [
            -9.5149541,
            52.0917821
          ],
          [
            -9.5154838,
            52.0923685
          ],
          [
            -9.5159411,
            52.093091
          ],
          [
            -9.5160021,
            52.0933136
          ],
          [
            -9.5160825,
            52.0936074
          ],
          [
            -9.516126,
            52.0942905
          ],
          [
            -9.5161343,
            52.0944214
          ],
          [
            -9.5161687,
            52.095488
          ],
          [
            -9.5161772,
            52.0957518
          ],
          [
            -9.5163059,
            52.0964599
          ],
          [
            -9.5163703,
            52.0966315
          ],
          [
            -9.5173066,
            52.0982601
          ],
          [
            -9.5174861,
            52.0984769
          ],
          [
            -9.5178082,
            52.0988442
          ],
          [
            -9.5182135,
            52.0993733
          ],
          [
            -9.5183547,
            52.0996528
          ],
          [
            -9.5183897,
            52.0997805
          ],
          [
            -9.5184266,
            52.0999152
          ],
          [
            -9.5184465,
            52.100267
          ],
          [
            -9.5183946,
            52.1006347
          ],
          [
            -9.5183048,
            52.1009926
          ],
          [
            -9.5180454,
            52.101912
          ],
          [
            -9.5177728,
            52.1029271
          ],
          [
            -9.5172072,
            52.105033
          ],
          [
            -9.5168286,
            52.1064751
          ],
          [
            -9.5167362,
            52.1067641
          ],
          [
            -9.5165413,
            52.1073485
          ],
          [
            -9.5164239,
            52.1077005
          ],
          [
            -9.5164009,
            52.1077695
          ],
          [
            -9.5163934,
            52.107792
          ],
          [
            -9.5163479,
            52.1079284
          ],
          [
            -9.5163095,
            52.1080436
          ],
          [
            -9.5162665,
            52.1081724
          ],
          [
            -9.5162067,
            52.1083519
          ],
          [
            -9.5161628,
            52.1084835
          ],
          [
            -9.5160077,
            52.1089484
          ],
          [
            -9.5159544,
            52.1091324
          ],
          [
            -9.5158004,
            52.1096643
          ],
          [
            -9.5157439,
            52.1098595
          ],
          [
            -9.5157275,
            52.109916
          ],
          [
            -9.5156556,
            52.1101646
          ],
          [
            -9.5156263,
            52.1102658
          ],
          [
            -9.5155869,
            52.1105494
          ],
          [
            -9.5155897,
            52.1106482
          ],
          [
            -9.5155962,
            52.1108762
          ],
          [
            -9.5156899,
            52.1112361
          ],
          [
            -9.51575,
            52.111385
          ],
          [
            -9.5158809,
            52.1117092
          ],
          [
            -9.5158956,
            52.1117456
          ],
          [
            -9.5159602,
            52.1118835
          ],
          [
            -9.5160016,
            52.111972
          ],
          [
            -9.5162573,
            52.1125179
          ],
          [
            -9.5164454,
            52.1128829
          ],
          [
            -9.5165049,
            52.1130129
          ],
          [
            -9.5169279,
            52.1138372
          ],
          [
            -9.5169712,
            52.1139216
          ],
          [
            -9.5170559,
            52.1141284
          ],
          [
            -9.5171535,
            52.1143666
          ],
          [
            -9.5173682,
            52.1148425
          ],
          [
            -9.5174861,
            52.1150978
          ],
          [
            -9.517618,
            52.1153844
          ],
          [
            -9.5178726,
            52.1159373
          ],
          [
            -9.5180118,
            52.1162237
          ],
          [
            -9.5183659,
            52.1167374
          ],
          [
            -9.5184967,
            52.1168574
          ],
          [
            -9.5189235,
            52.1172493
          ],
          [
            -9.5194099,
            52.1176882
          ],
          [
            -9.5195567,
            52.1178208
          ],
          [
            -9.5196026,
            52.1178622
          ],
          [
            -9.5200548,
            52.1183121
          ],
          [
            -9.5201023,
            52.1183593
          ],
          [
            -9.5202528,
            52.1185424
          ],
          [
            -9.5203915,
            52.1187294
          ],
          [
            -9.5204592,
            52.118851
          ],
          [
            -9.5205083,
            52.1189394
          ],
          [
            -9.5205716,
            52.1190569
          ],
          [
            -9.520631,
            52.1191672
          ],
          [
            -9.5206481,
            52.119199
          ],
          [
            -9.520795,
            52.1195443
          ],
          [
            -9.521077,
            52.1202284
          ],
          [
            -9.521233,
            52.1205334
          ],
          [
            -9.5213294,
            52.1206711
          ],
          [
            -9.5214726,
            52.1208439
          ],
          [
            -9.5216253,
            52.1209983
          ],
          [
            -9.5218022,
            52.1211339
          ],
          [
            -9.5221116,
            52.1213291
          ],
          [
            -9.5224209,
            52.1215244
          ],
          [
            -9.5228155,
            52.1217483
          ],
          [
            -9.5229067,
            52.1218001
          ],
          [
            -9.5229721,
            52.121834
          ],
          [
            -9.5230958,
            52.1218981
          ],
          [
            -9.5233633,
            52.1220085
          ],
          [
            -9.5235945,
            52.1220934
          ],
          [
            -9.5238256,
            52.1221486
          ],
          [
            -9.5240822,
            52.122211
          ],
          [
            -9.5244224,
            52.1222688
          ],
          [
            -9.5251056,
            52.1223597
          ],
          [
            -9.5262449,
            52.1223282
          ],
          [
            -9.5271662,
            52.1222633
          ],
          [
            -9.5277201,
            52.1222588
          ]
        ]
      }
    },
    {
      "type": "Feature",
      "properties": {
        "osm_way_id": 217748562,
        "road_ref": "N22",
        "name": "N22"
      },
      "geometry": {
        "type": "LineString",
        "coordinates": [
          [
            -9.5161619,
            52.0834959
          ],
          [
            -9.5160883,
            52.0836797
          ]
        ]
      }
    },
    {
      "type": "Feature",
      "properties": {
        "osm_way_id": 224709287,
        "road_ref": "N22",
        "name": "Sheares Street"
      },
      "geometry": {
        "type": "LineString",
        "coordinates": [
          [
            -8.4806042,
            51.8982342
          ],
          [
            -8.4804616,
            51.8982219
          ],
          [
            -8.4803821,
            51.8982165
          ]
        ]
      }
    },
    {
      "type": "Feature",
      "properties": {
        "osm_way_id": 235652861,
        "road_ref": "N22",
        "name": "N22"
      },
      "geometry": {
        "type": "LineString",
        "coordinates": [
          [
            -9.3617233,
            52.0127137
          ],
          [
            -9.3617587,
            52.01273
          ],
          [
            -9.3618753,
            52.0127836
          ],
          [
            -9.3623354,
            52.0129637
          ],
          [
            -9.3624535,
            52.0130099
          ],
          [
            -9.362913,
            52.0131741
          ],
          [
            -9.3630483,
            52.0132427
          ],
          [
            -9.363597,
            52.0134379
          ]
        ]
      }
    },
    {
      "type": "Feature",
      "properties": {
        "osm_way_id": 236267520,
        "road_ref": "N22",
        "name": "N22"
      },
      "geometry": {
        "type": "LineString",
        "coordinates": [
          [
            -9.518479,
            52.07194
          ],
          [
            -9.5180681,
            52.0704276
          ],
          [
            -9.5184567,
            52.0706487
          ],
          [
            -9.5185909,
            52.070725
          ],
          [
            -9.5190079,
            52.0709585
          ]
        ]
      }
    },
    {
      "type": "Feature",
      "properties": {
        "osm_way_id": 236267523,
        "road_ref": "N22",
        "name": "Killarney Bypass"
      },
      "geometry": {
        "type": "LineString",
        "coordinates": [
          [
            -9.5158536,
            52.069186
          ],
          [
            -9.5159405,
            52.0691701
          ],
          [
            -9.5160299,
            52.0691515
          ],
          [
            -9.5161348,
            52.0691174
          ],
          [
            -9.5162135,
            52.0690741
          ]
        ]
      }
    },
    {
      "type": "Feature",
      "properties": {
        "osm_way_id": 236267524,
        "road_ref": "N22",
        "name": "Tralee Road"
      },
      "geometry": {
        "type": "LineString",
        "coordinates": [
          [
            -9.5167058,
            52.0692067
          ],
          [
            -9.5168065,
            52.0694356
          ]
        ]
      }
    },
    {
      "type": "Feature",
      "properties": {
        "osm_way_id": 236271868,
        "road_ref": "N22",
        "name": "Cleeney Roundabout"
      },
      "geometry": {
        "type": "LineString",
        "coordinates": [
          [
            -9.5167058,
            52.0692067
          ],
          [
            -9.5166352,
            52.0692433
          ],
          [
            -9.5165836,
            52.0692557
          ],
          [
            -9.5165507,
            52.0692636
          ],
          [
            -9.5164646,
            52.0692666
          ]
        ]
      }
    },
    {
      "type": "Feature",
      "properties": {
        "osm_way_id": 236272368,
        "road_ref": "N22",
        "name": "Cleeney Roundabout"
      },
      "geometry": {
        "type": "LineString",
        "coordinates": [
          [
            -9.5162746,
            52.068986
          ],
          [
            -9.5163295,
            52.0689543
          ],
          [
            -9.5163831,
            52.068936
          ],
          [
            -9.5164358,
            52.068926
          ]
        ]
      }
    },
    {
      "type": "Feature",
      "properties": {
        "osm_way_id": 236272371,
        "road_ref": "N22",
        "name": "Cleeney Roundabout"
      },
      "geometry": {
        "type": "LineString",
        "coordinates": [
          [
            -9.5164358,
            52.068926
          ],
          [
            -9.5164984,
            52.0689225
          ],
          [
            -9.5165757,
            52.0689303
          ],
          [
            -9.5166598,
            52.0689567
          ],
          [
            -9.516718,
            52.0689926
          ]
        ]
      }
    },
    {
      "type": "Feature",
      "properties": {
        "osm_way_id": 236272378,
        "road_ref": "N22",
        "name": "Cleeney Roundabout"
      },
      "geometry": {
        "type": "LineString",
        "coordinates": [
          [
            -9.5164646,
            52.0692666
          ],
          [
            -9.5163803,
            52.0692531
          ],
          [
            -9.5163126,
            52.0692275
          ],
          [
            -9.5162696,
            52.0692
          ],
          [
            -9.5162375,
            52.0691674
          ],
          [
            -9.5162187,
            52.0691338
          ],
          [
            -9.5162135,
            52.0690741
          ],
          [
            -9.5162372,
            52.0690229
          ],
          [
            -9.5162746,
            52.068986
          ]
        ]
      }
    },
    {
      "type": "Feature",
      "properties": {
        "osm_way_id": 236276021,
        "road_ref": "N22",
        "name": "Park Road Roundabout"
      },
      "geometry": {
        "type": "LineString",
        "coordinates": [
          [
            -9.4831301,
            52.0603462
          ],
          [
            -9.4832137,
            52.0603424
          ],
          [
            -9.4832946,
            52.0603561
          ],
          [
            -9.4833633,
            52.0603857
          ]
        ]
      }
    },
    {
      "type": "Feature",
      "properties": {
        "osm_way_id": 236276023,
        "road_ref": "N22",
        "name": "Park Road Roundabout"
      },
      "geometry": {
        "type": "LineString",
        "coordinates": [
          [
            -9.4833633,
            52.0603857
          ],
          [
            -9.4834187,
            52.0604375
          ],
          [
            -9.4834359,
            52.0604985
          ],
          [
            -9.483412,
            52.0605586
          ]
        ]
      }
    },
    {
      "type": "Feature",
      "properties": {
        "osm_way_id": 236276025,
        "road_ref": "N22",
        "name": "Park Road Roundabout"
      },
      "geometry": {
        "type": "LineString",
        "coordinates": [
          [
            -9.4830382,
            52.060613
          ],
          [
            -9.4829846,
            52.0605777
          ],
          [
            -9.4829518,
            52.0605338
          ]
        ]
      }
    },
    {
      "type": "Feature",
      "properties": {
        "osm_way_id": 236276250,
        "road_ref": "N22",
        "name": "N22"
      },
      "geometry": {
        "type": "LineString",
        "coordinates": [
          [
            -9.4574277,
            52.0505897
          ],
          [
            -9.4574994,
            52.050602
          ],
          [
            -9.457559,
            52.0506238
          ],
          [
            -9.4576036,
            52.0506512
          ],
          [
            -9.4576362,
            52.0506832
          ],
          [
            -9.457653,
            52.050711
          ],
          [
            -9.4576618,
            52.0507423
          ],
          [
            -9.4576609,
            52.0507733
          ]
        ]
      }
    },
    {
      "type": "Feature",
      "properties": {
        "osm_way_id": 236276252,
        "road_ref": "N22",
        "name": "N22"
      },
      "geometry": {
        "type": "LineString",
        "coordinates": [
          [
            -9.4571631,
            52.0506652
          ],
          [
            -9.4572143,
            52.0506288
          ],
          [
            -9.4572568,
            52.0506102
          ],
          [
            -9.457306,
            52.0505967
          ],
          [
            -9.4573585,
            52.0505894
          ],
          [
            -9.4574277,
            52.0505897
          ]
        ]
      }
    },
    {
      "type": "Feature",
      "properties": {
        "osm_way_id": 236276256,
        "road_ref": "N22",
        "name": "N22"
      },
      "geometry": {
        "type": "LineString",
        "coordinates": [
          [
            -9.4572516,
            52.0508977
          ],
          [
            -9.4572105,
            52.050879
          ],
          [
            -9.457173,
            52.0508535
          ],
          [
            -9.4571318,
            52.0508025
          ],
          [
            -9.4571218,
            52.0507713
          ],
          [
            -9.4571216,
            52.0507397
          ],
          [
            -9.4571283,
            52.050715
          ]
        ]
      }
    },
    {
      "type": "Feature",
      "properties": {
        "osm_way_id": 236276257,
        "road_ref": "N22",
        "name": "N22"
      },
      "geometry": {
        "type": "LineString",
        "coordinates": [
          [
            -9.4576609,
            52.0507733
          ],
          [
            -9.4576505,
            52.050804
          ],
          [
            -9.4576316,
            52.0508323
          ],
          [
            -9.457583,
            52.0508729
          ],
          [
            -9.4575414,
            52.0508938
          ],
          [
            -9.457494,
            52.0509092
          ]
        ]
      }
    },
    {
      "type": "Feature",
      "properties": {
        "osm_way_id": 283487903,
        "road_ref": "N22",
        "name": "Western Road"
      },
      "geometry": {
        "type": "LineString",
        "coordinates": [
          [
            -8.4995469,
            51.8937604
          ],
          [
            -8.4996664,
            51.8937382
          ],
          [
            -8.4997239,
            51.8937275
          ],
          [
            -8.4999262,
            51.8936899
          ],
          [
            -8.4999761,
            51.8936806
          ],
          [
            -8.5001438,
            51.8936495
          ],
          [
            -8.5004317,
            51.893596
          ],
          [
            -8.5004853,
            51.8935861
          ],
          [
            -8.5006976,
            51.8935466
          ],
          [
            -8.5007302,
            51.8935405
          ],
          [
            -8.5009405,
            51.8935015
          ],
          [
            -8.5011014,
            51.8934716
          ],
          [
            -8.5011859,
            51.8934559
          ],
          [
            -8.5014393,
            51.8934088
          ],
          [
            -8.5016966,
            51.893361
          ]
        ]
      }
    },
    {
      "type": "Feature",
      "properties": {
        "osm_way_id": 293762885,
        "road_ref": "N22",
        "name": "Killarney Bypass"
      },
      "geometry": {
        "type": "LineString",
        "coordinates": [
          [
            -9.5140001,
            52.0695062
          ],
          [
            -9.5144829,
            52.0694263
          ],
          [
            -9.5147945,
            52.0693742
          ],
          [
            -9.5157283,
            52.0692098
          ],
          [
            -9.5158536,
            52.069186
          ]
        ]
      }
    },
    {
      "type": "Feature",
      "properties": {
        "osm_way_id": 300377368,
        "road_ref": "N22",
        "name": "Cork Road"
      },
      "geometry": {
        "type": "LineString",
        "coordinates": [
          [
            -9.4825974,
            52.0601025
          ],
          [
            -9.4827775,
            52.0602047
          ]
        ]
      }
    },
    {
      "type": "Feature",
      "properties": {
        "osm_way_id": 314837932,
        "road_ref": "N22",
        "name": "N22"
      },
      "geometry": {
        "type": "LineString",
        "coordinates": [
          [
            -9.403804,
            52.034472
          ],
          [
            -9.4045588,
            52.0346282
          ],
          [
            -9.4052974,
            52.0347377
          ],
          [
            -9.4062933,
            52.0348361
          ],
          [
            -9.4072947,
            52.0349112
          ]
        ]
      }
    },
    {
      "type": "Feature",
      "properties": {
        "osm_way_id": 349177721,
        "road_ref": "N22",
        "name": "N22"
      },
      "geometry": {
        "type": "LineString",
        "coordinates": [
          [
            -8.8732244,
            51.8543738
          ],
          [
            -8.8745825,
            51.8550501
          ],
          [
            -8.8755827,
            51.8555633
          ],
          [
            -8.8774436,
            51.8564878
          ],
          [
            -8.8784576,
            51.8569973
          ],
          [
            -8.8788568,
            51.8572255
          ],
          [
            -8.8792027,
            51.8574389
          ],
          [
            -8.8795506,
            51.8576629
          ],
          [
            -8.8800587,
            51.8579989
          ],
          [
            -8.8808724,
            51.8585306
          ],
          [
            -8.8817583,
            51.8591273
          ],
          [
            -8.8823096,
            51.8594511
          ],
          [
            -8.8826837,
            51.8596446
          ],
          [
            -8.8833803,
            51.8599562
          ],
          [
            -8.8839529,
            51.8602199
          ],
          [
            -8.8843358,
            51.8604194
          ],
          [
            -8.8845299,
            51.8605266
          ],
          [
            -8.8846998,
            51.8606291
          ],
          [
            -8.8849224,
            51.8607768
          ],
          [
            -8.8850774,
            51.8608965
          ],
          [
            -8.8851903,
            51.8609863
          ],
          [
            -8.8853378,
            51.8611036
          ],
          [
            -8.886001,
            51.8617172
          ],
          [
            -8.8860431,
            51.86175
          ],
          [
            -8.8862767,
            51.8619319
          ],
          [
            -8.8864318,
            51.8620533
          ],
          [
            -8.8865824,
            51.8621568
          ],
          [
            -8.8867854,
            51.8622803
          ],
          [
            -8.886992,
            51.8624019
          ],
          [
            -8.8873602,
            51.8626035
          ],
          [
            -8.8877203,
            51.8627843
          ],
          [
            -8.8881776,
            51.8630196
          ],
          [
            -8.8889991,
            51.8634266
          ],
          [
            -8.889932,
            51.8638849
          ],
          [
            -8.8903945,
            51.8641212
          ],
          [
            -8.891309,
            51.8646285
          ],
          [
            -8.8921663,
            51.8651231
          ],
          [
            -8.8937139,
            51.8660086
          ],
          [
            -8.8951208,
            51.8668245
          ]
        ]
      }
    },
    {
      "type": "Feature",
      "properties": {
        "osm_way_id": 349177739,
        "road_ref": "N22",
        "name": "N22"
      },
      "geometry": {
        "type": "LineString",
        "coordinates": [
          [
            -8.8673478,
            51.8521698
          ],
          [
            -8.867608,
            51.8522179
          ],
          [
            -8.8679862,
            51.8522984
          ],
          [
            -8.868209,
            51.8523458
          ],
          [
            -8.8685314,
            51.8524252
          ],
          [
            -8.8693571,
            51.8526684
          ],
          [
            -8.8694205,
            51.8526894
          ],
          [
            -8.8698672,
            51.8528371
          ],
          [
            -8.8701037,
            51.8529235
          ],
          [
            -8.8703081,
            51.8529981
          ],
          [
            -8.8703744,
            51.8530226
          ],
          [
            -8.8710043,
            51.8532982
          ],
          [
            -8.8712621,
            51.8534124
          ],
          [
            -8.8718094,
            51.8536606
          ],
          [
            -8.8722359,
            51.8538956
          ],
          [
            -8.8732244,
            51.8543738
          ]
        ]
      }
    },
    {
      "type": "Feature",
      "properties": {
        "osm_way_id": 349177748,
        "road_ref": "N22",
        "name": "Ballincollig Bypass"
      },
      "geometry": {
        "type": "LineString",
        "coordinates": [
          [
            -8.6367773,
            51.8786672
          ],
          [
            -8.6373204,
            51.8786763
          ],
          [
            -8.6378085,
            51.878688
          ],
          [
            -8.6386552,
            51.8787035
          ],
          [
            -8.6398828,
            51.8787205
          ],
          [
            -8.6403375,
            51.8787296
          ],
          [
            -8.6408706,
            51.878734
          ],
          [
            -8.6412966,
            51.8787257
          ],
          [
            -8.6416114,
            51.8787134
          ],
          [
            -8.6421564,
            51.8786932
          ],
          [
            -8.6428995,
            51.8786421
          ],
          [
            -8.6431803,
            51.8786168
          ],
          [
            -8.6434612,
            51.8785883
          ],
          [
            -8.6437655,
            51.8785519
          ],
          [
            -8.6440793,
            51.8785153
          ],
          [
            -8.6447026,
            51.8784268
          ],
          [
            -8.6449621,
            51.8783969
          ],
          [
            -8.645218,
            51.8783747
          ],
          [
            -8.6455065,
            51.8783555
          ],
          [
            -8.6457938,
            51.8783466
          ],
          [
            -8.6462635,
            51.878353
          ],
          [
            -8.6468237,
            51.8783831
          ],
          [
            -8.6472288,
            51.8784227
          ]
        ]
      }
    },
    {
      "type": "Feature",
      "properties": {
        "osm_way_id": 349177769,
        "road_ref": "N22",
        "name": "N22"
      },
      "geometry": {
        "type": "LineString",
        "coordinates": [
          [
            -9.2158816,
            51.9623479
          ],
          [
            -9.2165295,
            51.9622586
          ],
          [
            -9.2175834,
            51.9621556
          ],
          [
            -9.2184974,
            51.9620911
          ],
          [
            -9.2189204,
            51.9620683
          ],
          [
            -9.219075,
            51.9620636
          ],
          [
            -9.221714,
            51.9619848
          ],
          [
            -9.2222021,
            51.9619702
          ],
          [
            -9.2258162,
            51.961839
          ],
          [
            -9.227703,
            51.9617569
          ],
          [
            -9.2283425,
            51.9617139
          ],
          [
            -9.2296689,
            51.9616033
          ],
          [
            -9.2307396,
            51.9614671
          ],
          [
            -9.2316333,
            51.9613147
          ],
          [
            -9.2329967,
            51.9610561
          ],
          [
            -9.2335166,
            51.9609561
          ],
          [
            -9.2342007,
            51.9608334
          ],
          [
            -9.2348211,
            51.9607493
          ],
          [
            -9.2354741,
            51.9606951
          ],
          [
            -9.2361233,
            51.9606672
          ],
          [
            -9.2366383,
            51.9606809
          ],
          [
            -9.2369816,
            51.96069
          ],
          [
            -9.2380009,
            51.9607665
          ],
          [
            -9.238846,
            51.9608708
          ]
        ]
      }
    },
    {
      "type": "Feature",
      "properties": {
        "osm_way_id": 359229005,
        "road_ref": "N22",
        "name": "N22"
      },
      "geometry": {
        "type": "LineString",
        "coordinates": [
          [
            -9.3391174,
            51.9988641
          ],
          [
            -9.3398174,
            51.9992444
          ],
          [
            -9.3399702,
            51.9993284
          ],
          [
            -9.3420122,
            52.0004515
          ],
          [
            -9.3427268,
            52.0009839
          ],
          [
            -9.3433649,
            52.0015605
          ],
          [
            -9.3439804,
            52.0022132
          ],
          [
            -9.3442487,
            52.0024978
          ],
          [
            -9.3463287,
            52.0045816
          ],
          [
            -9.3465809,
            52.0048659
          ],
          [
            -9.3471416,
            52.0054978
          ],
          [
            -9.3471986,
            52.005562
          ],
          [
            -9.3478663,
            52.0064827
          ],
          [
            -9.3487625,
            52.0077213
          ],
          [
            -9.3489589,
            52.0080058
          ],
          [
            -9.3493256,
            52.0085368
          ],
          [
            -9.3497144,
            52.0089745
          ],
          [
            -9.3500608,
            52.0093163
          ],
          [
            -9.3505436,
            52.0096399
          ],
          [
            -9.3511015,
            52.00995
          ],
          [
            -9.351615,
            52.010156
          ],
          [
            -9.352064,
            52.0103151
          ],
          [
            -9.3527482,
            52.0104488
          ],
          [
            -9.3533911,
            52.0105388
          ],
          [
            -9.3542361,
            52.0106293
          ],
          [
            -9.3550941,
            52.0107362
          ],
          [
            -9.3561724,
            52.0108924
          ],
          [
            -9.3570915,
            52.011065
          ],
          [
            -9.3578641,
            52.0112496
          ]
        ]
      }
    },
    {
      "type": "Feature",
      "properties": {
        "osm_way_id": 359229006,
        "road_ref": "N22",
        "name": "N22"
      },
      "geometry": {
        "type": "LineString",
        "coordinates": [
          [
            -9.3383949,
            51.9984768
          ],
          [
            -9.3391174,
            51.9988641
          ]
        ]
      }
    },
    {
      "type": "Feature",
      "properties": {
        "osm_way_id": 361200378,
        "road_ref": "N22",
        "name": "N22"
      },
      "geometry": {
        "type": "LineString",
        "coordinates": [
          [
            -9.5220155,
            52.0743795
          ],
          [
            -9.5218278,
            52.0745914
          ],
          [
            -9.5214095,
            52.0748948
          ],
          [
            -9.5207873,
            52.0751849
          ]
        ]
      }
    },
    {
      "type": "Feature",
      "properties": {
        "osm_way_id": 361266465,
        "road_ref": "N22",
        "name": "Ballincollig Bypass"
      },
      "geometry": {
        "type": "LineString",
        "coordinates": [
          [
            -8.6472288,
            51.8784227
          ],
          [
            -8.6475675,
            51.878475
          ],
          [
            -8.6478492,
            51.8785313
          ],
          [
            -8.6481862,
            51.8786077
          ],
          [
            -8.6484696,
            51.8786891
          ],
          [
            -8.6487399,
            51.8787685
          ],
          [
            -8.6489909,
            51.8788604
          ],
          [
            -8.6493892,
            51.8790763
          ]
        ]
      }
    },
    {
      "type": "Feature",
      "properties": {
        "osm_way_id": 361266467,
        "road_ref": "N22",
        "name": "Macroom Road"
      },
      "geometry": {
        "type": "LineString",
        "coordinates": [
          [
            -8.6552401,
            51.8804847
          ],
          [
            -8.6553611,
            51.8804987
          ]
        ]
      }
    },
    {
      "type": "Feature",
      "properties": {
        "osm_way_id": 361266468,
        "road_ref": "N22",
        "name": "Macroom Road"
      },
      "geometry": {
        "type": "LineString",
        "coordinates": [
          [
            -8.654915,
            51.8804438
          ],
          [
            -8.6552401,
            51.8804847
          ]
        ]
      }
    },
    {
      "type": "Feature",
      "properties": {
        "osm_way_id": 361793006,
        "road_ref": "N22",
        "name": "Killarney Bypass"
      },
      "geometry": {
        "type": "LineString",
        "coordinates": [
          [
            -9.4875126,
            52.0634973
          ],
          [
            -9.4898147,
            52.0644915
          ],
          [
            -9.4921373,
            52.0654615
          ],
          [
            -9.4937446,
            52.0661032
          ],
          [
            -9.4947965,
            52.0665231
          ],
          [
            -9.4948312,
            52.066537
          ],
          [
            -9.497448,
            52.0675867
          ],
          [
            -9.4980354,
            52.0678151
          ],
          [
            -9.4985788,
            52.0680096
          ],
          [
            -9.4991541,
            52.0682006
          ],
          [
            -9.4995529,
            52.0683219
          ],
          [
            -9.5000519,
            52.0684679
          ],
          [
            -9.5004764,
            52.0685856
          ],
          [
            -9.5008849,
            52.0686947
          ]
        ]
      }
    },
    {
      "type": "Feature",
      "properties": {
        "osm_way_id": 362844498,
        "road_ref": "N22",
        "name": "N22"
      },
      "geometry": {
        "type": "LineString",
        "coordinates": [
          [
            -8.8593849,
            51.8503912
          ],
          [
            -8.8599257,
            51.8506291
          ],
          [
            -8.8607424,
            51.8509882
          ],
          [
            -8.8617666,
            51.8513673
          ],
          [
            -8.862616,
            51.8515714
          ],
          [
            -8.8639518,
            51.8517567
          ],
          [
            -8.8646674,
            51.8518322
          ],
          [
            -8.8651044,
            51.8518783
          ],
          [
            -8.8660999,
            51.8519916
          ],
          [
            -8.8663083,
            51.8520201
          ],
          [
            -8.8663911,
            51.8520314
          ],
          [
            -8.8670731,
            51.8521246
          ],
          [
            -8.8673478,
            51.8521698
          ]
        ]
      }
    },
    {
      "type": "Feature",
      "properties": {
        "osm_way_id": 413191921,
        "road_ref": "N22",
        "name": "Macroom Road"
      },
      "geometry": {
        "type": "LineString",
        "coordinates": [
          [
            -8.7121861,
            51.8751874
          ],
          [
            -8.7128121,
            51.8750038
          ],
          [
            -8.7131713,
            51.8749128
          ],
          [
            -8.7140969,
            51.8746933
          ],
          [
            -8.7144669,
            51.874607
          ],
          [
            -8.7163516,
            51.8741557
          ],
          [
            -8.7180219,
            51.8737549
          ],
          [
            -8.7194476,
            51.8734745
          ],
          [
            -8.7211106,
            51.8732475
          ],
          [
            -8.7236266,
            51.8729653
          ],
          [
            -8.7271821,
            51.8725413
          ],
          [
            -8.727859,
            51.8724917
          ],
          [
            -8.729094,
            51.8724012
          ],
          [
            -8.7295091,
            51.8723868
          ]
        ]
      }
    },
    {
      "type": "Feature",
      "properties": {
        "osm_way_id": 413191922,
        "road_ref": "N22",
        "name": "Macroom Road"
      },
      "geometry": {
        "type": "LineString",
        "coordinates": [
          [
            -8.7068117,
            51.8765768
          ],
          [
            -8.7083977,
            51.8764135
          ],
          [
            -8.708662,
            51.8763854
          ],
          [
            -8.7091898,
            51.8762649
          ],
          [
            -8.7096128,
            51.8761714
          ],
          [
            -8.71001,
            51.8760605
          ],
          [
            -8.7105081,
            51.8758806
          ],
          [
            -8.7108217,
            51.875747
          ],
          [
            -8.7115708,
            51.8754213
          ],
          [
            -8.7121861,
            51.8751874
          ]
        ]
      }
    },
    {
      "type": "Feature",
      "properties": {
        "osm_way_id": 413278448,
        "road_ref": "N22",
        "name": "Macroom Road"
      },
      "geometry": {
        "type": "LineString",
        "coordinates": [
          [
            -8.6938017,
            51.8787425
          ],
          [
            -8.6938953,
            51.8787082
          ],
          [
            -8.6940945,
            51.8786541
          ],
          [
            -8.6947603,
            51.8784734
          ],
          [
            -8.6947866,
            51.8784663
          ],
          [
            -8.6956286,
            51.8782755
          ],
          [
            -8.6959175,
            51.87821
          ],
          [
            -8.6994698,
            51.877405
          ],
          [
            -8.6998834,
            51.8773113
          ]
        ]
      }
    },
    {
      "type": "Feature",
      "properties": {
        "osm_way_id": 413278449,
        "road_ref": "N22",
        "name": "Macroom Road"
      },
      "geometry": {
        "type": "LineString",
        "coordinates": [
          [
            -8.6998834,
            51.8773113
          ],
          [
            -8.7007596,
            51.8771484
          ],
          [
            -8.7017449,
            51.8770258
          ],
          [
            -8.7029494,
            51.8769299
          ],
          [
            -8.7033276,
            51.8768997
          ],
          [
            -8.7037905,
            51.8768629
          ],
          [
            -8.7044053,
            51.8768139
          ],
          [
            -8.7068117,
            51.8765768
          ]
        ]
      }
    },
    {
      "type": "Feature",
      "properties": {
        "osm_way_id": 413322904,
        "road_ref": "N22",
        "name": "Macroom Road"
      },
      "geometry": {
        "type": "LineString",
        "coordinates": [
          [
            -8.6778821,
            51.8827018
          ],
          [
            -8.6781297,
            51.8826227
          ],
          [
            -8.6787411,
            51.8824269
          ],
          [
            -8.6788719,
            51.8823853
          ],
          [
            -8.6794349,
            51.8821838
          ]
        ]
      }
    },
    {
      "type": "Feature",
      "properties": {
        "osm_way_id": 413355527,
        "road_ref": "N22",
        "name": "Macroom Road"
      },
      "geometry": {
        "type": "LineString",
        "coordinates": [
          [
            -8.6935733,
            51.8788291
          ],
          [
            -8.6937418,
            51.8787652
          ],
          [
            -8.6938017,
            51.8787425
          ]
        ]
      }
    },
    {
      "type": "Feature",
      "properties": {
        "osm_way_id": 425102742,
        "road_ref": "N22",
        "name": "Deenagh Bridge"
      },
      "geometry": {
        "type": "LineString",
        "coordinates": [
          [
            -9.5175178,
            52.0700757
          ],
          [
            -9.5176783,
            52.0702058
          ]
        ]
      }
    },
    {
      "type": "Feature",
      "properties": {
        "osm_way_id": 425102743,
        "road_ref": "N22",
        "name": "Tralee Road"
      },
      "geometry": {
        "type": "LineString",
        "coordinates": [
          [
            -9.5168065,
            52.0694356
          ],
          [
            -9.5169064,
            52.0695346
          ],
          [
            -9.516939,
            52.0695645
          ],
          [
            -9.5169695,
            52.0695923
          ],
          [
            -9.5169993,
            52.0696198
          ],
          [
            -9.517271,
            52.0698757
          ],
          [
            -9.5174477,
            52.0700189
          ],
          [
            -9.5175178,
            52.0700757
          ]
        ]
      }
    },
    {
      "type": "Feature",
      "properties": {
        "osm_way_id": 439177716,
        "road_ref": "N22",
        "name": "N22"
      },
      "geometry": {
        "type": "LineString",
        "coordinates": [
          [
            -9.3799358,
            52.018661
          ],
          [
            -9.3820866,
            52.020461
          ],
          [
            -9.3828276,
            52.0210577
          ],
          [
            -9.3832631,
            52.0213947
          ],
          [
            -9.383573,
            52.0216385
          ],
          [
            -9.3857562,
            52.0231955
          ],
          [
            -9.3858704,
            52.0232733
          ],
          [
            -9.3863346,
            52.0235895
          ],
          [
            -9.3885606,
            52.0251056
          ],
          [
            -9.3888564,
            52.0253071
          ],
          [
            -9.3904083,
            52.0263921
          ],
          [
            -9.3912706,
            52.0269564
          ],
          [
            -9.3932281,
            52.0283213
          ]
        ]
      }
    },
    {
      "type": "Feature",
      "properties": {
        "osm_way_id": 470249954,
        "road_ref": "N22",
        "name": "N22"
      },
      "geometry": {
        "type": "LineString",
        "coordinates": [
          [
            -9.4003388,
            52.0331717
          ],
          [
            -9.4006821,
            52.0333594
          ],
          [
            -9.4014356,
            52.0337158
          ],
          [
            -9.4021427,
            52.0340101
          ],
          [
            -9.402897,
            52.034258
          ],
          [
            -9.403804,
            52.034472
          ]
        ]
      }
    },
    {
      "type": "Feature",
      "properties": {
        "osm_way_id": 470249957,
        "road_ref": "N22",
        "name": "N22"
      },
      "geometry": {
        "type": "LineString",
        "coordinates": [
          [
            -9.4072947,
            52.0349112
          ],
          [
            -9.4085026,
            52.0350026
          ],
          [
            -9.4110959,
            52.0351604
          ],
          [
            -9.4117893,
            52.0352082
          ],
          [
            -9.4142362,
            52.0353771
          ],
          [
            -9.4167102,
            52.0355536
          ],
          [
            -9.41741,
            52.035626
          ],
          [
            -9.419154,
            52.0358066
          ],
          [
            -9.4215535,
            52.0361032
          ],
          [
            -9.4223366,
            52.0362145
          ],
          [
            -9.4239531,
            52.0364442
          ],
          [
            -9.4244519,
            52.0365172
          ],
          [
            -9.4249298,
            52.0365872
          ],
          [
            -9.4265346,
            52.0368221
          ],
          [
            -9.4291005,
            52.0371813
          ],
          [
            -9.4298516,
            52.0372947
          ],
          [
            -9.4320031,
            52.0375886
          ],
          [
            -9.4342286,
            52.0379063
          ],
          [
            -9.4360422,
            52.0381621
          ],
          [
            -9.4370876,
            52.0383066
          ],
          [
            -9.4378067,
            52.0384191
          ],
          [
            -9.4388045,
            52.0385863
          ],
          [
            -9.4397529,
            52.0388044
          ],
          [
            -9.4405617,
            52.0390385
          ],
          [
            -9.4412302,
            52.0392688
          ],
          [
            -9.4421159,
            52.0396485
          ],
          [
            -9.4423929,
            52.0397779
          ],
          [
            -9.4431207,
            52.0401667
          ],
          [
            -9.4438781,
            52.0405988
          ],
          [
            -9.4439551,
            52.0406427
          ],
          [
            -9.4440223,
            52.040686
          ],
          [
            -9.4443072,
            52.0408696
          ],
          [
            -9.4452331,
            52.0414663
          ],
          [
            -9.4453786,
            52.04156
          ],
          [
            -9.445672,
            52.0417491
          ],
          [
            -9.4469016,
            52.0425415
          ],
          [
            -9.4470375,
            52.0426553
          ],
          [
            -9.447217,
            52.0428056
          ],
          [
            -9.4475885,
            52.0431166
          ],
          [
            -9.4478393,
            52.0433249
          ],
          [
            -9.4478834,
            52.0433636
          ],
          [
            -9.4493646,
            52.0446037
          ],
          [
            -9.449991,
            52.0451281
          ],
          [
            -9.4507333,
            52.0457495
          ],
          [
            -9.4512118,
            52.0461501
          ],
          [
            -9.4515096,
            52.046367
          ],
          [
            -9.4517274,
            52.0465256
          ],
          [
            -9.4527543,
            52.0472733
          ],
          [
            -9.4531965,
            52.0475959
          ],
          [
            -9.4533123,
            52.0476804
          ],
          [
            -9.4536944,
            52.0479592
          ],
          [
            -9.4541117,
            52.0482624
          ],
          [
            -9.4541876,
            52.0483176
          ],
          [
            -9.4546088,
            52.0486237
          ],
          [
            -9.4546532,
            52.048656
          ],
          [
            -9.4553656,
            52.0491927
          ]
        ]
      }
    },
    {
      "type": "Feature",
      "properties": {
        "osm_way_id": 477791850,
        "road_ref": "N22",
        "name": "N22"
      },
      "geometry": {
        "type": "LineString",
        "coordinates": [
          [
            -8.5028063,
            51.8929746
          ],
          [
            -8.5027846,
            51.8929935
          ],
          [
            -8.5026913,
            51.8930749
          ]
        ]
      }
    },
    {
      "type": "Feature",
      "properties": {
        "osm_way_id": 477791851,
        "road_ref": "N22",
        "name": "N22"
      },
      "geometry": {
        "type": "LineString",
        "coordinates": [
          [
            -8.5028405,
            51.8929453
          ],
          [
            -8.502815,
            51.8929671
          ],
          [
            -8.5028063,
            51.8929746
          ]
        ]
      }
    },
    {
      "type": "Feature",
      "properties": {
        "osm_way_id": 477791909,
        "road_ref": "N22",
        "name": "Western Road"
      },
      "geometry": {
        "type": "LineString",
        "coordinates": [
          [
            -8.4951868,
            51.894577
          ],
          [
            -8.4953326,
            51.8945478
          ],
          [
            -8.4955665,
            51.8945027
          ],
          [
            -8.4956751,
            51.8944818
          ],
          [
            -8.4957539,
            51.8944666
          ],
          [
            -8.4958193,
            51.894454
          ],
          [
            -8.495899,
            51.8944386
          ],
          [
            -8.4959784,
            51.8944233
          ],
          [
            -8.4960526,
            51.894409
          ],
          [
            -8.4961097,
            51.8943981
          ],
          [
            -8.4961712,
            51.8943861
          ],
          [
            -8.496239,
            51.8943731
          ],
          [
            -8.4966545,
            51.8943003
          ]
        ]
      }
    },
    {
      "type": "Feature",
      "properties": {
        "osm_way_id": 477791913,
        "road_ref": "N22",
        "name": "Lancaster Quay"
      },
      "geometry": {
        "type": "LineString",
        "coordinates": [
          [
            -8.4821434,
            51.8971043
          ],
          [
            -8.4823213,
            51.8970761
          ]
        ]
      }
    },
    {
      "type": "Feature",
      "properties": {
        "osm_way_id": 477791914,
        "road_ref": "N22",
        "name": "Dyke Parade"
      },
      "geometry": {
        "type": "LineString",
        "coordinates": [
          [
            -8.4827687,
            51.8979069
          ],
          [
            -8.4826694,
            51.8979611
          ]
        ]
      }
    },
    {
      "type": "Feature",
      "properties": {
        "osm_way_id": 477791994,
        "road_ref": "N22",
        "name": "Carrigrohane Road"
      },
      "geometry": {
        "type": "LineString",
        "coordinates": [
          [
            -8.5381736,
            51.8956419
          ],
          [
            -8.5356516,
            51.895431
          ],
          [
            -8.531536,
            51.8950869
          ],
          [
            -8.5309955,
            51.8950442
          ]
        ]
      }
    },
    {
      "type": "Feature",
      "properties": {
        "osm_way_id": 477791998,
        "road_ref": "N22",
        "name": "Carrigrohane Road"
      },
      "geometry": {
        "type": "LineString",
        "coordinates": [
          [
            -8.5309955,
            51.8950442
          ],
          [
            -8.5308128,
            51.895028
          ],
          [
            -8.5290622,
            51.8948804
          ],
          [
            -8.528191,
            51.8948041
          ],
          [
            -8.5273224,
            51.8947328
          ],
          [
            -8.5267814,
            51.8946888
          ],
          [
            -8.5267106,
            51.8946831
          ],
          [
            -8.5266396,
            51.894677
          ],
          [
            -8.5258622,
            51.8946096
          ]
        ]
      }
    },
    {
      "type": "Feature",
      "properties": {
        "osm_way_id": 496718066,
        "road_ref": "N22",
        "name": "Carrigrohane"
      },
      "geometry": {
        "type": "LineString",
        "coordinates": [
          [
            -8.5687674,
            51.8917121
          ],
          [
            -8.5686657,
            51.8918957
          ],
          [
            -8.5685946,
            51.8920308
          ],
          [
            -8.5684989,
            51.8921713
          ]
        ]
      }
    },
    {
      "type": "Feature",
      "properties": {
        "osm_way_id": 502287257,
        "road_ref": "N22",
        "name": "Western Road"
      },
      "geometry": {
        "type": "LineString",
        "coordinates": [
          [
            -8.4840202,
            51.8966548
          ],
          [
            -8.4847208,
            51.8964516
          ],
          [
            -8.4851471,
            51.8963289
          ],
          [
            -8.4853175,
            51.8962782
          ],
          [
            -8.4853861,
            51.8962583
          ],
          [
            -8.4855569,
            51.8962102
          ],
          [
            -8.4857125,
            51.8961663
          ],
          [
            -8.4857279,
            51.8961623
          ],
          [
            -8.486002,
            51.8960905
          ],
          [
            -8.486045,
            51.8960792
          ]
        ]
      }
    },
    {
      "type": "Feature",
      "properties": {
        "osm_way_id": 553225818,
        "road_ref": "N22",
        "name": "Macroom Road"
      },
      "geometry": {
        "type": "LineString",
        "coordinates": [
          [
            -8.6578782,
            51.8807962
          ],
          [
            -8.6584016,
            51.8808599
          ],
          [
            -8.6602645,
            51.8810856
          ],
          [
            -8.661536,
            51.8812569
          ],
          [
            -8.6623003,
            51.8813906
          ],
          [
            -8.6641311,
            51.8817884
          ],
          [
            -8.6655931,
            51.8821355
          ],
          [
            -8.6662983,
            51.882303
          ],
          [
            -8.6673943,
            51.8824898
          ],
          [
            -8.6680746,
            51.8825577
          ],
          [
            -8.6682492,
            51.8825716
          ],
          [
            -8.6687295,
            51.8826098
          ],
          [
            -8.6690055,
            51.8826317
          ],
          [
            -8.6693101,
            51.8826559
          ],
          [
            -8.6696962,
            51.8826856
          ],
          [
            -8.6702334,
            51.882727
          ],
          [
            -8.6703233,
            51.8827339
          ],
          [
            -8.6705015,
            51.8827476
          ]
        ]
      }
    },
    {
      "type": "Feature",
      "properties": {
        "osm_way_id": 556684640,
        "road_ref": "N22",
        "name": "Saint Patrick's Street"
      },
      "geometry": {
        "type": "LineString",
        "coordinates": [
          [
            -8.4755695,
            51.8985593
          ],
          [
            -8.4755418,
            51.8985759
          ],
          [
            -8.4755002,
            51.8985949
          ],
          [
            -8.4754619,
            51.8986049
          ],
          [
            -8.475451,
            51.8986077
          ],
          [
            -8.4753844,
            51.8986164
          ],
          [
            -8.4753126,
            51.8986148
          ],
          [
            -8.4752238,
            51.8985982
          ],
          [
            -8.4748703,
            51.8985124
          ]
        ]
      }
    },
    {
      "type": "Feature",
      "properties": {
        "osm_way_id": 616904560,
        "road_ref": "N22",
        "name": "Saint Patrick's Street"
      },
      "geometry": {
        "type": "LineString",
        "coordinates": [
          [
            -8.4748703,
            51.8985124
          ],
          [
            -8.4746875,
            51.8984707
          ],
          [
            -8.4741697,
            51.8983514
          ],
          [
            -8.4740491,
            51.8983305
          ],
          [
            -8.4739365,
            51.8983144
          ],
          [
            -8.4737925,
            51.8982969
          ],
          [
            -8.4736477,
            51.8982871
          ],
          [
            -8.4735207,
            51.8982833
          ],
          [
            -8.4734128,
            51.8982835
          ],
          [
            -8.4732686,
            51.8982883
          ],
          [
            -8.4731241,
            51.8982979
          ],
          [
            -8.4730237,
            51.8983079
          ],
          [
            -8.4729655,
            51.8983152
          ],
          [
            -8.4728105,
            51.8983366
          ],
          [
            -8.4726923,
            51.8983567
          ],
          [
            -8.4724155,
            51.8984149
          ],
          [
            -8.472223,
            51.8984669
          ],
          [
            -8.4721316,
            51.8984932
          ],
          [
            -8.4719579,
            51.8985511
          ],
          [
            -8.4718075,
            51.8986119
          ],
          [
            -8.4716143,
            51.8987012
          ],
          [
            -8.4714755,
            51.898772
          ],
          [
            -8.4714642,
            51.8987788
          ],
          [
            -8.4713783,
            51.8988303
          ],
          [
            -8.4712913,
            51.8988947
          ],
          [
            -8.4712667,
            51.8989166
          ],
          [
            -8.4712626,
            51.8989202
          ],
          [
            -8.4711838,
            51.8989901
          ],
          [
            -8.4711229,
            51.8990561
          ],
          [
            -8.4710266,
            51.8991755
          ]
        ]
      }
    },
    {
      "type": "Feature",
      "properties": {
        "osm_way_id": 616904564,
        "road_ref": "N22",
        "name": "Saint Patrick's Street"
      },
      "geometry": {
        "type": "LineString",
        "coordinates": [
          [
            -8.4707133,
            51.8997734
          ],
          [
            -8.4707069,
            51.8998174
          ],
          [
            -8.4706734,
            51.8999298
          ],
          [
            -8.470624,
            51.9000588
          ],
          [
            -8.4705825,
            51.9001354
          ],
          [
            -8.47053,
            51.9001988
          ],
          [
            -8.470462,
            51.9002604
          ]
        ]
      }
    },
    {
      "type": "Feature",
      "properties": {
        "osm_way_id": 642767315,
        "road_ref": "N22",
        "name": "Courthouse Street"
      },
      "geometry": {
        "type": "LineString",
        "coordinates": [
          [
            -8.4793102,
            51.8978865
          ],
          [
            -8.479248,
            51.8977075
          ],
          [
            -8.4792355,
            51.8976735
          ],
          [
            -8.479223,
            51.8976411
          ],
          [
            -8.479206,
            51.8975994
          ],
          [
            -8.479187,
            51.8975518
          ]
        ]
      }
    },
    {
      "type": "Feature",
      "properties": {
        "osm_way_id": 674312962,
        "road_ref": "N22",
        "name": "Grand Parade"
      },
      "geometry": {
        "type": "LineString",
        "coordinates": [
          [
            -8.475553,
            51.8983586
          ],
          [
            -8.4755813,
            51.8984079
          ],
          [
            -8.4755965,
            51.8984513
          ],
          [
            -8.4755966,
            51.8984862
          ],
          [
            -8.4755947,
            51.898517
          ],
          [
            -8.4755695,
            51.8985593
          ]
        ]
      }
    },
    {
      "type": "Feature",
      "properties": {
        "osm_way_id": 691814447,
        "road_ref": "N22",
        "name": "N22"
      },
      "geometry": {
        "type": "LineString",
        "coordinates": [
          [
            -8.8989192,
            51.8670497
          ],
          [
            -8.8990671,
            51.8669888
          ]
        ]
      }
    },
    {
      "type": "Feature",
      "properties": {
        "osm_way_id": 691814448,
        "road_ref": "N22",
        "name": "N22"
      },
      "geometry": {
        "type": "LineString",
        "coordinates": [
          [
            -8.8990671,
            51.8669888
          ],
          [
            -8.8996557,
            51.8667464
          ],
          [
            -8.8999262,
            51.8666639
          ],
          [
            -8.9002652,
            51.8666054
          ]
        ]
      }
    },
    {
      "type": "Feature",
      "properties": {
        "osm_way_id": 691814450,
        "road_ref": "N22",
        "name": "N22"
      },
      "geometry": {
        "type": "LineString",
        "coordinates": [
          [
            -8.9002652,
            51.8666054
          ],
          [
            -8.9005978,
            51.8665744
          ],
          [
            -8.900954,
            51.8665636
          ],
          [
            -8.9013006,
            51.8665834
          ],
          [
            -8.901605,
            51.866626
          ],
          [
            -8.9018492,
            51.8666809
          ],
          [
            -8.9020867,
            51.8667445
          ],
          [
            -8.9023685,
            51.8668406
          ],
          [
            -8.9026495,
            51.8669555
          ],
          [
            -8.9040314,
            51.8675799
          ],
          [
            -8.9044713,
            51.8677425
          ],
          [
            -8.904942,
            51.8678799
          ],
          [
            -8.9057593,
            51.8680178
          ],
          [
            -8.9061044,
            51.868053
          ],
          [
            -8.9066313,
            51.8680854
          ],
          [
            -8.9078486,
            51.8681231
          ],
          [
            -8.908888,
            51.8681572
          ],
          [
            -8.9098771,
            51.8682014
          ],
          [
            -8.9102322,
            51.86824
          ],
          [
            -8.9107932,
            51.8683307
          ],
          [
            -8.9111992,
            51.868405
          ],
          [
            -8.9115542,
            51.8684743
          ],
          [
            -8.911903,
            51.8685337
          ],
          [
            -8.9133505,
            51.8688024
          ],
          [
            -8.9142013,
            51.868958
          ],
          [
            -8.9144782,
            51.8690086
          ],
          [
            -8.9148719,
            51.8690719
          ],
          [
            -8.9153413,
            51.8691239
          ],
          [
            -8.9157424,
            51.8691469
          ],
          [
            -8.9162932,
            51.8691344
          ],
          [
            -8.9166816,
            51.8690982
          ],
          [
            -8.9171698,
            51.8690309
          ],
          [
            -8.917448,
            51.8689895
          ],
          [
            -8.9187322,
            51.8687801
          ],
          [
            -8.9194483,
            51.868701
          ],
          [
            -8.9198623,
            51.8686833
          ],
          [
            -8.9202596,
            51.8686787
          ],
          [
            -8.9206818,
            51.8686934
          ]
        ]
      }
    },
    {
      "type": "Feature",
      "properties": {
        "osm_way_id": 691814451,
        "road_ref": "N22",
        "name": "N22"
      },
      "geometry": {
        "type": "LineString",
        "coordinates": [
          [
            -8.8973184,
            51.8674353
          ],
          [
            -8.8976708,
            51.8674169
          ],
          [
            -8.898092,
            51.867342
          ],
          [
            -8.8984706,
            51.8672344
          ],
          [
            -8.8989192,
            51.8670497
          ]
        ]
      }
    },
    {
      "type": "Feature",
      "properties": {
        "osm_way_id": 700838057,
        "road_ref": "N22",
        "name": "N22"
      },
      "geometry": {
        "type": "LineString",
        "coordinates": [
          [
            -9.363597,
            52.0134379
          ],
          [
            -9.3639913,
            52.01357
          ],
          [
            -9.3651742,
            52.0139294
          ],
          [
            -9.3663957,
            52.0142555
          ],
          [
            -9.3675877,
            52.0145149
          ],
          [
            -9.3678958,
            52.0145819
          ],
          [
            -9.3681877,
            52.0146454
          ],
          [
            -9.3685456,
            52.0146956
          ],
          [
            -9.3686422,
            52.0147092
          ],
          [
            -9.3706298,
            52.0149882
          ],
          [
            -9.3725655,
            52.0151869
          ],
          [
            -9.3740231,
            52.0153437
          ],
          [
            -9.3747261,
            52.0154333
          ],
          [
            -9.3754642,
            52.0155529
          ],
          [
            -9.3761529,
            52.0157556
          ],
          [
            -9.3766069,
            52.015973
          ],
          [
            -9.3769676,
            52.0161457
          ],
          [
            -9.3774653,
            52.016561
          ],
          [
            -9.3792243,
            52.0180287
          ],
          [
            -9.3795695,
            52.0183407
          ],
          [
            -9.3799358,
            52.018661
          ]
        ]
      }
    },
    {
      "type": "Feature",
      "properties": {
        "osm_way_id": 700838058,
        "road_ref": "N22",
        "name": "N22"
      },
      "geometry": {
        "type": "LineString",
        "coordinates": [
          [
            -9.3578641,
            52.0112496
          ],
          [
            -9.3581578,
            52.0113309
          ],
          [
            -9.3581982,
            52.0113443
          ],
          [
            -9.3587323,
            52.0115215
          ],
          [
            -9.3588695,
            52.011567
          ],
          [
            -9.3592984,
            52.0117096
          ],
          [
            -9.3594169,
            52.0117486
          ],
          [
            -9.3596547,
            52.0118275
          ],
          [
            -9.3598971,
            52.0119079
          ],
          [
            -9.360249,
            52.0120433
          ],
          [
            -9.3603564,
            52.0120846
          ],
          [
            -9.3610406,
            52.0124078
          ],
          [
            -9.3611557,
            52.012455
          ]
        ]
      }
    },
    {
      "type": "Feature",
      "properties": {
        "osm_way_id": 712520832,
        "road_ref": "N22",
        "name": "N22"
      },
      "geometry": {
        "type": "LineString",
        "coordinates": [
          [
            -9.5190079,
            52.0709585
          ],
          [
            -9.5194945,
            52.0712309
          ],
          [
            -9.5196514,
            52.071344
          ],
          [
            -9.5203059,
            52.071816
          ],
          [
            -9.5204485,
            52.0719285
          ],
          [
            -9.5205668,
            52.0720264
          ],
          [
            -9.5206119,
            52.0720592
          ],
          [
            -9.52115,
            52.0724556
          ],
          [
            -9.5218707,
            52.073038
          ],
          [
            -9.522067,
            52.0733231
          ],
          [
            -9.5221549,
            52.0735073
          ],
          [
            -9.5221934,
            52.0736245
          ],
          [
            -9.5222086,
            52.0739156
          ],
          [
            -9.5221775,
            52.0740508
          ]
        ]
      }
    },
    {
      "type": "Feature",
      "properties": {
        "osm_way_id": 715903033,
        "road_ref": "N22",
        "name": "Killarney Bypass"
      },
      "geometry": {
        "type": "LineString",
        "coordinates": [
          [
            -9.5035459,
            52.0692035
          ],
          [
            -9.5040039,
            52.0692727
          ],
          [
            -9.5051697,
            52.0694328
          ]
        ]
      }
    },
    {
      "type": "Feature",
      "properties": {
        "osm_way_id": 761093453,
        "road_ref": "N22",
        "name": "N22"
      },
      "geometry": {
        "type": "LineString",
        "coordinates": [
          [
            -8.9206818,
            51.8686934
          ],
          [
            -8.9213518,
            51.8687767
          ],
          [
            -8.9220778,
            51.8689099
          ],
          [
            -8.9226454,
            51.8690706
          ],
          [
            -8.9231769,
            51.8692551
          ],
          [
            -8.9236925,
            51.8695062
          ],
          [
            -8.9242137,
            51.8698344
          ],
          [
            -8.9247341,
            51.8702634
          ],
          [
            -8.9251437,
            51.8707432
          ],
          [
            -8.9253747,
            51.8711272
          ],
          [
            -8.9263851,
            51.8732178
          ],
          [
            -8.9264996,
            51.8734366
          ],
          [
            -8.9267832,
            51.8738789
          ],
          [
            -8.927331,
            51.8743376
          ],
          [
            -8.9274393,
            51.8744283
          ],
          [
            -8.9278428,
            51.8746844
          ],
          [
            -8.9279598,
            51.874765
          ],
          [
            -8.9281348,
            51.8748856
          ],
          [
            -8.9290459,
            51.8755221
          ],
          [
            -8.9300632,
            51.8763496
          ],
          [
            -8.9313145,
            51.8773857
          ],
          [
            -8.9316274,
            51.8777346
          ],
          [
            -8.9318931,
            51.8780899
          ],
          [
            -8.9321943,
            51.878736
          ],
          [
            -8.9322437,
            51.878832
          ],
          [
            -8.9329314,
            51.880169
          ],
          [
            -8.9334825,
            51.8812678
          ],
          [
            -8.9336691,
            51.8817692
          ],
          [
            -8.9337553,
            51.8820919
          ],
          [
            -8.9337756,
            51.8823962
          ],
          [
            -8.9336244,
            51.8829572
          ],
          [
            -8.93342,
            51.8833269
          ]
        ]
      }
    },
    {
      "type": "Feature",
      "properties": {
        "osm_way_id": 808444825,
        "road_ref": "N22",
        "name": "Macroom Bypass"
      },
      "geometry": {
        "type": "LineString",
        "coordinates": [
          [
            -9.0180498,
            51.9136115
          ],
          [
            -9.0176361,
            51.9136204
          ],
          [
            -9.0040853,
            51.913913
          ],
          [
            -9.0002096,
            51.9142062
          ],
          [
            -8.9964648,
            51.9148816
          ],
          [
            -8.9946538,
            51.9150677
          ],
          [
            -8.9918582,
            51.9150818
          ],
          [
            -8.9901563,
            51.9150474
          ],
          [
            -8.9844307,
            51.9150026
          ]
        ]
      }
    },
    {
      "type": "Feature",
      "properties": {
        "osm_way_id": 889553350,
        "road_ref": "N22",
        "name": "Killarney Bypass"
      },
      "geometry": {
        "type": "LineString",
        "coordinates": [
          [
            -9.486222,
            52.0628956
          ],
          [
            -9.4863537,
            52.0630106
          ],
          [
            -9.4865461,
            52.0631103
          ]
        ]
      }
    },
    {
      "type": "Feature",
      "properties": {
        "osm_way_id": 889553351,
        "road_ref": "N22",
        "name": "Killarney Bypass"
      },
      "geometry": {
        "type": "LineString",
        "coordinates": [
          [
            -9.4865461,
            52.0631103
          ],
          [
            -9.4863301,
            52.0630664
          ],
          [
            -9.4861248,
            52.0630621
          ]
        ]
      }
    },
    {
      "type": "Feature",
      "properties": {
        "osm_way_id": 889553352,
        "road_ref": "N22",
        "name": "Killarney Bypass"
      },
      "geometry": {
        "type": "LineString",
        "coordinates": [
          [
            -9.485573,
            52.0626739
          ],
          [
            -9.4857294,
            52.0627356
          ],
          [
            -9.485918,
            52.0627666
          ]
        ]
      }
    },
    {
      "type": "Feature",
      "properties": {
        "osm_way_id": 889553353,
        "road_ref": "N22",
        "name": "Killarney Bypass"
      },
      "geometry": {
        "type": "LineString",
        "coordinates": [
          [
            -9.485715,
            52.0628576
          ],
          [
            -9.4856583,
            52.0627614
          ],
          [
            -9.485573,
            52.0626739
          ]
        ]
      }
    },
    {
      "type": "Feature",
      "properties": {
        "osm_way_id": 889565236,
        "road_ref": "N22",
        "name": "N22"
      },
      "geometry": {
        "type": "LineString",
        "coordinates": [
          [
            -9.3098614,
            51.9825233
          ],
          [
            -9.3101698,
            51.9825268
          ],
          [
            -9.3108769,
            51.9825164
          ],
          [
            -9.3115051,
            51.9824803
          ],
          [
            -9.3120516,
            51.9824244
          ],
          [
            -9.3129131,
            51.9822898
          ],
          [
            -9.3129601,
            51.9822789
          ],
          [
            -9.31353,
            51.9821467
          ],
          [
            -9.3136466,
            51.9821197
          ],
          [
            -9.3140784,
            51.9820165
          ]
        ]
      }
    },
    {
      "type": "Feature",
      "properties": {
        "osm_way_id": 889570143,
        "road_ref": "N22",
        "name": "N22"
      },
      "geometry": {
        "type": "LineString",
        "coordinates": [
          [
            -9.3026574,
            51.9833042
          ],
          [
            -9.3020998,
            51.9835613
          ],
          [
            -9.3013381,
            51.9840301
          ],
          [
            -9.3013254,
            51.9840393
          ],
          [
            -9.2999012,
            51.9850483
          ],
          [
            -9.2988768,
            51.9858042
          ],
          [
            -9.2981969,
            51.9862501
          ],
          [
            -9.2973917,
            51.9866663
          ],
          [
            -9.2971063,
            51.9867814
          ],
          [
            -9.2968912,
            51.9868681
          ],
          [
            -9.2965275,
            51.9870147
          ],
          [
            -9.2957584,
            51.9872602
          ],
          [
            -9.2956689,
            51.9872887
          ],
          [
            -9.2948648,
            51.9875086
          ],
          [
            -9.2938686,
            51.9876938
          ],
          [
            -9.2930208,
            51.9878297
          ],
          [
            -9.2919833,
            51.9879004
          ],
          [
            -9.2908761,
            51.9879161
          ],
          [
            -9.2896401,
            51.9878213
          ],
          [
            -9.2884323,
            51.9876639
          ],
          [
            -9.2874533,
            51.9874402
          ],
          [
            -9.2865971,
            51.9872053
          ],
          [
            -9.2856442,
            51.986856
          ],
          [
            -9.2851203,
            51.9866216
          ],
          [
            -9.2843545,
            51.9862182
          ],
          [
            -9.2838024,
            51.9858887
          ]
        ]
      }
    },
    {
      "type": "Feature",
      "properties": {
        "osm_way_id": 889570145,
        "road_ref": "N22",
        "name": "Clonkeen Bypass"
      },
      "geometry": {
        "type": "LineString",
        "coordinates": [
          [
            -9.2838024,
            51.9858887
          ],
          [
            -9.2835834,
            51.9857567
          ]
        ]
      }
    },
    {
      "type": "Feature",
      "properties": {
        "osm_way_id": 889570146,
        "road_ref": "N22",
        "name": "N22"
      },
      "geometry": {
        "type": "LineString",
        "coordinates": [
          [
            -9.2835834,
            51.9857567
          ],
          [
            -9.2833746,
            51.9856174
          ]
        ]
      }
    },
    {
      "type": "Feature",
      "properties": {
        "osm_way_id": 889570152,
        "road_ref": "N22",
        "name": "N22"
      },
      "geometry": {
        "type": "LineString",
        "coordinates": [
          [
            -9.2833746,
            51.9856174
          ],
          [
            -9.2827407,
            51.9851866
          ],
          [
            -9.2826407,
            51.9851223
          ],
          [
            -9.2808543,
            51.9839736
          ],
          [
            -9.2803602,
            51.9836417
          ],
          [
            -9.2795582,
            51.9831448
          ],
          [
            -9.2790451,
            51.9828777
          ],
          [
            -9.2785095,
            51.9826331
          ],
          [
            -9.2780264,
            51.9824751
          ],
          [
            -9.2778832,
            51.9824282
          ],
          [
            -9.2771753,
            51.982251
          ],
          [
            -9.2764058,
            51.9821122
          ],
          [
            -9.276017,
            51.9820506
          ],
          [
            -9.2754923,
            51.9819973
          ],
          [
            -9.2752483,
            51.9819856
          ],
          [
            -9.2749564,
            51.9819784
          ],
          [
            -9.2745106,
            51.9819741
          ],
          [
            -9.2736378,
            51.9820236
          ],
          [
            -9.2721969,
            51.9821532
          ],
          [
            -9.2720636,
            51.9821615
          ],
          [
            -9.2715061,
            51.9821964
          ],
          [
            -9.270833,
            51.9822156
          ],
          [
            -9.2698501,
            51.9821613
          ],
          [
            -9.2696831,
            51.9821355
          ],
          [
            -9.2689246,
            51.9820185
          ],
          [
            -9.2665396,
            51.981624
          ],
          [
            -9.264945,
            51.9813491
          ],
          [
            -9.2641833,
            51.981231
          ],
          [
            -9.2616602,
            51.9808183
          ],
          [
            -9.2594436,
            51.9804789
          ],
          [
            -9.2593122,
            51.9804593
          ],
          [
            -9.2578192,
            51.9802269
          ],
          [
            -9.2572084,
            51.9800969
          ],
          [
            -9.2570711,
            51.9800572
          ],
          [
            -9.2565189,
            51.9798978
          ],
          [
            -9.2556651,
            51.9796005
          ],
          [
            -9.2550216,
            51.9793021
          ],
          [
            -9.2545206,
            51.9790205
          ],
          [
            -9.2538712,
            51.9785821
          ],
          [
            -9.2534574,
            51.9782267
          ],
          [
            -9.2529726,
            51.977712
          ],
          [
            -9.2526141,
            51.9772
          ],
          [
            -9.2523591,
            51.9766968
          ],
          [
            -9.2523255,
            51.9766304
          ],
          [
            -9.2522749,
            51.976487
          ],
          [
            -9.2521691,
            51.9761871
          ],
          [
            -9.252094,
            51.9756463
          ],
          [
            -9.2521241,
            51.9750827
          ],
          [
            -9.2521946,
            51.9747404
          ],
          [
            -9.2522185,
            51.9746246
          ],
          [
            -9.2524878,
            51.9738359
          ],
          [
            -9.2526546,
            51.9732135
          ],
          [
            -9.2526967,
            51.9726638
          ],
          [
            -9.2526597,
            51.9720402
          ],
          [
            -9.2523917,
            51.9711426
          ],
          [
            -9.2521545,
            51.9706588
          ]
        ]
      }
    },
    {
      "type": "Feature",
      "properties": {
        "osm_way_id": 889570153,
        "road_ref": "N22",
        "name": "N22"
      },
      "geometry": {
        "type": "LineString",
        "coordinates": [
          [
            -9.238846,
            51.9608708
          ],
          [
            -9.2390433,
            51.96091
          ],
          [
            -9.2395515,
            51.9610108
          ],
          [
            -9.2403736,
            51.9612364
          ],
          [
            -9.2414211,
            51.9615989
          ],
          [
            -9.2424855,
            51.9620466
          ],
          [
            -9.2433497,
            51.9624356
          ],
          [
            -9.2444317,
            51.9629942
          ],
          [
            -9.2454448,
            51.9635865
          ],
          [
            -9.2456753,
            51.9637478
          ],
          [
            -9.246445,
            51.9642863
          ],
          [
            -9.2472022,
            51.9648329
          ],
          [
            -9.2483231,
            51.9658498
          ],
          [
            -9.2493423,
            51.9669523
          ],
          [
            -9.2508336,
            51.9686934
          ],
          [
            -9.2511417,
            51.9690915
          ],
          [
            -9.2515106,
            51.9695969
          ],
          [
            -9.2520806,
            51.9705082
          ],
          [
            -9.2521545,
            51.9706588
          ]
        ]
      }
    },
    {
      "type": "Feature",
      "properties": {
        "osm_way_id": 889596812,
        "road_ref": "N22",
        "name": "Western Road"
      },
      "geometry": {
        "type": "LineString",
        "coordinates": [
          [
            -8.4976591,
            51.8941063
          ],
          [
            -8.4977314,
            51.8940935
          ],
          [
            -8.4977724,
            51.8940868
          ],
          [
            -8.4979653,
            51.8940512
          ],
          [
            -8.4980925,
            51.8940277
          ],
          [
            -8.4982099,
            51.8940061
          ],
          [
            -8.4983168,
            51.8939863
          ],
          [
            -8.4984259,
            51.8939662
          ],
          [
            -8.4984398,
            51.8939637
          ],
          [
            -8.4984543,
            51.8939617
          ],
          [
            -8.4985566,
            51.8939421
          ],
          [
            -8.4986877,
            51.8939179
          ],
          [
            -8.4987631,
            51.893904
          ],
          [
            -8.4989081,
            51.8938773
          ],
          [
            -8.4989908,
            51.893862
          ],
          [
            -8.4991855,
            51.8938261
          ],
          [
            -8.4993009,
            51.8938048
          ],
          [
            -8.4993617,
            51.8937937
          ],
          [
            -8.4994042,
            51.8937857
          ],
          [
            -8.4994283,
            51.8937814
          ],
          [
            -8.4994814,
            51.893772
          ],
          [
            -8.4995469,
            51.8937604
          ]
        ]
      }
    },
    {
      "type": "Feature",
      "properties": {
        "osm_way_id": 889596813,
        "road_ref": "N22",
        "name": "Western Road"
      },
      "geometry": {
        "type": "LineString",
        "coordinates": [
          [
            -8.4966545,
            51.8943003
          ],
          [
            -8.4972507,
            51.8941891
          ],
          [
            -8.4975449,
            51.8941276
          ],
          [
            -8.4976591,
            51.8941063
          ]
        ]
      }
    },
    {
      "type": "Feature",
      "properties": {
        "osm_way_id": 889596814,
        "road_ref": "N22",
        "name": "Western Road"
      },
      "geometry": {
        "type": "LineString",
        "coordinates": [
          [
            -8.4941079,
            51.8947717
          ],
          [
            -8.4947392,
            51.8946579
          ],
          [
            -8.4949122,
            51.8946266
          ],
          [
            -8.4950246,
            51.8946063
          ],
          [
            -8.4951098,
            51.8945909
          ],
          [
            -8.4951868,
            51.894577
          ]
        ]
      }
    },
    {
      "type": "Feature",
      "properties": {
        "osm_way_id": 921881441,
        "road_ref": "N22",
        "name": "Saint Patrick's Street"
      },
      "geometry": {
        "type": "LineString",
        "coordinates": [
          [
            -8.4710266,
            51.8991755
          ],
          [
            -8.470976,
            51.8992586
          ],
          [
            -8.4709279,
            51.8993492
          ],
          [
            -8.4708913,
            51.899424
          ],
          [
            -8.4708251,
            51.8995448
          ],
          [
            -8.4707648,
            51.8996624
          ],
          [
            -8.4707133,
            51.8997734
          ]
        ]
      }
    },
    {
      "type": "Feature",
      "properties": {
        "osm_way_id": 923581217,
        "road_ref": "N22",
        "name": "Killarney Bypass"
      },
      "geometry": {
        "type": "LineString",
        "coordinates": [
          [
            -9.5029013,
            52.0690944
          ],
          [
            -9.5035459,
            52.0692035
          ]
        ]
      }
    },
    {
      "type": "Feature",
      "properties": {
        "osm_way_id": 923581218,
        "road_ref": "N22",
        "name": "Killarney Bypass"
      },
      "geometry": {
        "type": "LineString",
        "coordinates": [
          [
            -9.5051697,
            52.0694328
          ],
          [
            -9.5055489,
            52.0694799
          ],
          [
            -9.5059047,
            52.0695218
          ],
          [
            -9.5059668,
            52.0695301
          ]
        ]
      }
    },
    {
      "type": "Feature",
      "properties": {
        "osm_way_id": 933035662,
        "road_ref": "N22",
        "name": "Ballincollig Bypass"
      },
      "geometry": {
        "type": "LineString",
        "coordinates": [
          [
            -8.6367876,
            51.8787821
          ],
          [
            -8.6359773,
            51.8787724
          ]
        ]
      }
    },
    {
      "type": "Feature",
      "properties": {
        "osm_way_id": 965642796,
        "road_ref": "N22",
        "name": "Seachbh\u00f3thar Bhaile Bhuirne"
      },
      "geometry": {
        "type": "LineString",
        "coordinates": [
          [
            -9.1862839,
            51.9581969
          ],
          [
            -9.1834694,
            51.9577559
          ],
          [
            -9.1822606,
            51.9575194
          ],
          [
            -9.1810833,
            51.9571616
          ],
          [
            -9.1789212,
            51.9564514
          ],
          [
            -9.1758694,
            51.9550333
          ],
          [
            -9.1735022,
            51.9541451
          ],
          [
            -9.169752,
            51.9530749
          ],
          [
            -9.1665732,
            51.9524266
          ]
        ]
      }
    },
    {
      "type": "Feature",
      "properties": {
        "osm_way_id": 965642797,
        "road_ref": "N22",
        "name": "Seachbh\u00f3thar Bhaile Bhuirne"
      },
      "geometry": {
        "type": "LineString",
        "coordinates": [
          [
            -9.1665732,
            51.9524266
          ],
          [
            -9.1648093,
            51.9520979
          ]
        ]
      }
    },
    {
      "type": "Feature",
      "properties": {
        "osm_way_id": 965648375,
        "road_ref": "N22",
        "name": "Seachbh\u00f3thar Bhaile Bhuirne"
      },
      "geometry": {
        "type": "LineString",
        "coordinates": [
          [
            -9.1648093,
            51.9520979
          ],
          [
            -9.1622695,
            51.9515793
          ],
          [
            -9.16035,
            51.9510669
          ],
          [
            -9.1583181,
            51.9503308
          ],
          [
            -9.1571091,
            51.9497568
          ],
          [
            -9.1554988,
            51.9489263
          ],
          [
            -9.1516618,
            51.9468605
          ],
          [
            -9.1461616,
            51.944416
          ],
          [
            -9.1444771,
            51.9437379
          ],
          [
            -9.1436862,
            51.9432971
          ],
          [
            -9.1429494,
            51.9428029
          ],
          [
            -9.1419502,
            51.9419736
          ],
          [
            -9.141127,
            51.9411791
          ],
          [
            -9.140737,
            51.940852
          ],
          [
            -9.1400007,
            51.940398
          ],
          [
            -9.1388215,
            51.939738
          ],
          [
            -9.1359164,
            51.9385572
          ],
          [
            -9.1340087,
            51.9376254
          ],
          [
            -9.1330251,
            51.9370828
          ],
          [
            -9.1319712,
            51.9365201
          ],
          [
            -9.1304187,
            51.9358457
          ],
          [
            -9.1295899,
            51.9354776
          ]
        ]
      }
    },
    {
      "type": "Feature",
      "properties": {
        "osm_way_id": 965648376,
        "road_ref": "N22",
        "name": "Macroom Bypass"
      },
      "geometry": {
        "type": "LineString",
        "coordinates": [
          [
            -9.1127409,
            51.9250062
          ],
          [
            -9.1120878,
            51.9245891
          ],
          [
            -9.1117561,
            51.924435
          ]
        ]
      }
    },
    {
      "type": "Feature",
      "properties": {
        "osm_way_id": 965648377,
        "road_ref": "N22",
        "name": "Macroom Bypass"
      },
      "geometry": {
        "type": "LineString",
        "coordinates": [
          [
            -9.0739367,
            51.9157461
          ],
          [
            -9.0733767,
            51.9157473
          ],
          [
            -9.0708402,
            51.9160745
          ],
          [
            -9.0684725,
            51.9166478
          ],
          [
            -9.0672753,
            51.9168423
          ],
          [
            -9.0660551,
            51.9169457
          ],
          [
            -9.0646596,
            51.9169731
          ],
          [
            -9.0631553,
            51.9168719
          ],
          [
            -9.0615033,
            51.916572
          ],
          [
            -9.06028,
            51.9162585
          ],
          [
            -9.0577107,
            51.9151202
          ],
          [
            -9.0533404,
            51.9121384
          ],
          [
            -9.0517798,
            51.9110736
          ],
          [
            -9.049983,
            51.9100392
          ],
          [
            -9.0485205,
            51.9094729
          ],
          [
            -9.0471507,
            51.9091082
          ],
          [
            -9.045457,
            51.9088923
          ],
          [
            -9.0438081,
            51.9087853
          ],
          [
            -9.0396151,
            51.908817
          ],
          [
            -9.0344201,
            51.9094833
          ],
          [
            -9.0295615,
            51.9105549
          ],
          [
            -9.0273891,
            51.9112169
          ],
          [
            -9.0253178,
            51.9118652
          ]
        ]
      }
    },
    {
      "type": "Feature",
      "properties": {
        "osm_way_id": 965648384,
        "road_ref": "N22",
        "name": "Macroom Bypass"
      },
      "geometry": {
        "type": "LineString",
        "coordinates": [
          [
            -9.0186804,
            51.9135692
          ],
          [
            -9.0180498,
            51.9136115
          ]
        ]
      }
    },
    {
      "type": "Feature",
      "properties": {
        "osm_way_id": 965650638,
        "road_ref": "N22",
        "name": "Macroom Bypass"
      },
      "geometry": {
        "type": "LineString",
        "coordinates": [
          [
            -8.9358106,
            51.8965307
          ],
          [
            -8.9356202,
            51.8960262
          ],
          [
            -8.9343111,
            51.8910513
          ],
          [
            -8.9342465,
            51.8900019
          ],
          [
            -8.9343335,
            51.8893222
          ]
        ]
      }
    },
    {
      "type": "Feature",
      "properties": {
        "osm_way_id": 965650639,
        "road_ref": "N22",
        "name": "Macroom Bypass"
      },
      "geometry": {
        "type": "LineString",
        "coordinates": [
          [
            -8.9361633,
            51.8973684
          ],
          [
            -8.9358106,
            51.8965307
          ]
        ]
      }
    },
    {
      "type": "Feature",
      "properties": {
        "osm_way_id": 965650640,
        "road_ref": "N22",
        "name": "Macroom Bypass"
      },
      "geometry": {
        "type": "LineString",
        "coordinates": [
          [
            -8.9390297,
            51.9014022
          ],
          [
            -8.9380022,
            51.9002682
          ],
          [
            -8.9372311,
            51.8992404
          ],
          [
            -8.9361633,
            51.8973684
          ]
        ]
      }
    },
    {
      "type": "Feature",
      "properties": {
        "osm_way_id": 965650641,
        "road_ref": "N22",
        "name": "Macroom Bypass"
      },
      "geometry": {
        "type": "LineString",
        "coordinates": [
          [
            -8.9394284,
            51.9018379
          ],
          [
            -8.9390297,
            51.9014022
          ]
        ]
      }
    },
    {
      "type": "Feature",
      "properties": {
        "osm_way_id": 985359610,
        "road_ref": "N22",
        "name": "Lancaster Quay"
      },
      "geometry": {
        "type": "LineString",
        "coordinates": [
          [
            -8.4823213,
            51.8970761
          ],
          [
            -8.4824058,
            51.8970612
          ],
          [
            -8.4827577,
            51.8969775
          ],
          [
            -8.4828345,
            51.896947
          ],
          [
            -8.4831262,
            51.896875
          ],
          [
            -8.4832501,
            51.8968437
          ],
          [
            -8.4833343,
            51.8968307
          ],
          [
            -8.4839156,
            51.8966835
          ],
          [
            -8.4840202,
            51.8966548
          ]
        ]
      }
    },
    {
      "type": "Feature",
      "properties": {
        "osm_way_id": 991446774,
        "road_ref": "N22",
        "name": "Macroom Bypass"
      },
      "geometry": {
        "type": "LineString",
        "coordinates": [
          [
            -8.9407418,
            51.9031632
          ],
          [
            -8.9394284,
            51.9018379
          ]
        ]
      }
    },
    {
      "type": "Feature",
      "properties": {
        "osm_way_id": 991446775,
        "road_ref": "N22",
        "name": "Macroom Bypass"
      },
      "geometry": {
        "type": "LineString",
        "coordinates": [
          [
            -8.9411224,
            51.9035401
          ],
          [
            -8.9407418,
            51.9031632
          ]
        ]
      }
    },
    {
      "type": "Feature",
      "properties": {
        "osm_way_id": 991542616,
        "road_ref": "N22",
        "name": "Coolcower Roundabout"
      },
      "geometry": {
        "type": "LineString",
        "coordinates": [
          [
            -8.9344152,
            51.8884899
          ],
          [
            -8.9343313,
            51.8884162
          ],
          [
            -8.9342871,
            51.8883304
          ],
          [
            -8.9342864,
            51.8882404
          ],
          [
            -8.9343294,
            51.8881544
          ],
          [
            -8.9344121,
            51.8880803
          ],
          [
            -8.9345269,
            51.8880248
          ]
        ]
      }
    },
    {
      "type": "Feature",
      "properties": {
        "osm_way_id": 991542617,
        "road_ref": "N22",
        "name": "Macroom Bypass"
      },
      "geometry": {
        "type": "LineString",
        "coordinates": [
          [
            -8.9843948,
            51.9149325
          ],
          [
            -8.9886355,
            51.9149561
          ],
          [
            -8.9918391,
            51.9149921
          ],
          [
            -8.9946302,
            51.9149522
          ],
          [
            -8.996423,
            51.9147626
          ],
          [
            -9.0001677,
            51.9141047
          ],
          [
            -9.0040931,
            51.9138239
          ],
          [
            -9.0137209,
            51.9136307
          ],
          [
            -9.0176637,
            51.9135516
          ],
          [
            -9.0180235,
            51.9135444
          ]
        ]
      }
    },
    {
      "type": "Feature",
      "properties": {
        "osm_way_id": 991542619,
        "road_ref": "N22",
        "name": "Seachbh\u00f3thar Bhaile Bhuirne"
      },
      "geometry": {
        "type": "LineString",
        "coordinates": [
          [
            -9.1665769,
            51.9523465
          ],
          [
            -9.16977,
            51.9529839
          ],
          [
            -9.1735793,
            51.954077
          ],
          [
            -9.1759293,
            51.9549686
          ],
          [
            -9.1790015,
            51.9563936
          ],
          [
            -9.1811368,
            51.9570939
          ],
          [
            -9.1822981,
            51.9574401
          ],
          [
            -9.1835164,
            51.9576824
          ],
          [
            -9.1862952,
            51.9581301
          ]
        ]
      }
    },
    {
      "type": "Feature",
      "properties": {
        "osm_way_id": 991542620,
        "road_ref": "N22",
        "name": "Seachbh\u00f3thar Bhaile Bhuirne"
      },
      "geometry": {
        "type": "LineString",
        "coordinates": [
          [
            -9.1648189,
            51.952004
          ],
          [
            -9.1665769,
            51.9523465
          ]
        ]
      }
    },
    {
      "type": "Feature",
      "properties": {
        "osm_way_id": 991542621,
        "road_ref": "N22",
        "name": "Seachbh\u00f3thar Bhaile Bhuirne"
      },
      "geometry": {
        "type": "LineString",
        "coordinates": [
          [
            -9.1289582,
            51.93497
          ],
          [
            -9.1295026,
            51.9352572
          ],
          [
            -9.1305673,
            51.935755
          ],
          [
            -9.1321198,
            51.9364396
          ],
          [
            -9.1332322,
            51.9370364
          ],
          [
            -9.1341065,
            51.9375297
          ],
          [
            -9.1360012,
            51.9384664
          ],
          [
            -9.1389094,
            51.9396403
          ],
          [
            -9.1401459,
            51.9402864
          ],
          [
            -9.1409038,
            51.9407817
          ],
          [
            -9.1413045,
            51.9411102
          ],
          [
            -9.1420734,
            51.9419006
          ],
          [
            -9.1430411,
            51.9427167
          ],
          [
            -9.1438144,
            51.9432248
          ],
          [
            -9.1445986,
            51.9436528
          ],
          [
            -9.1463176,
            51.9443777
          ],
          [
            -9.1517399,
            51.9467914
          ],
          [
            -9.1555623,
            51.9488653
          ],
          [
            -9.1571787,
            51.9497006
          ],
          [
            -9.1583568,
            51.9502781
          ],
          [
            -9.1603894,
            51.9510023
          ],
          [
            -9.1623027,
            51.951502
          ],
          [
            -9.1648189,
            51.952004
          ]
        ]
      }
    },
    {
      "type": "Feature",
      "properties": {
        "osm_way_id": 991542622,
        "road_ref": "N22",
        "name": "Macroom Bypass"
      },
      "geometry": {
        "type": "LineString",
        "coordinates": [
          [
            -9.1118721,
            51.9243246
          ],
          [
            -9.1122204,
            51.924494
          ],
          [
            -9.1129575,
            51.9249117
          ]
        ]
      }
    },
    {
      "type": "Feature",
      "properties": {
        "osm_way_id": 991542623,
        "road_ref": "N22",
        "name": "Macroom Bypass"
      },
      "geometry": {
        "type": "LineString",
        "coordinates": [
          [
            -9.0252446,
            51.9117787
          ],
          [
            -9.027311,
            51.9111285
          ],
          [
            -9.0294356,
            51.9104773
          ],
          [
            -9.0343614,
            51.909409
          ],
          [
            -9.0358684,
            51.9092164
          ],
          [
            -9.0395918,
            51.9087407
          ],
          [
            -9.0438094,
            51.9087174
          ],
          [
            -9.0454721,
            51.9088194
          ],
          [
            -9.0471572,
            51.9090288
          ],
          [
            -9.0485749,
            51.9093908
          ],
          [
            -9.0500619,
            51.9099622
          ],
          [
            -9.0518853,
            51.9110095
          ],
          [
            -9.0577989,
            51.9150703
          ],
          [
            -9.0603184,
            51.9161746
          ],
          [
            -9.0615407,
            51.916498
          ],
          [
            -9.0631695,
            51.9167985
          ],
          [
            -9.0646674,
            51.91689
          ],
          [
            -9.0660425,
            51.9168581
          ],
          [
            -9.0672558,
            51.9167481
          ],
          [
            -9.0684147,
            51.916555
          ],
          [
            -9.0707874,
            51.9159959
          ],
          [
            -9.0733559,
            51.9156661
          ],
          [
            -9.0739296,
            51.9156642
          ]
        ]
      }
    },
    {
      "type": "Feature",
      "properties": {
        "osm_way_id": 991542624,
        "road_ref": "N22",
        "name": "Macroom Bypass"
      },
      "geometry": {
        "type": "LineString",
        "coordinates": [
          [
            -9.0180235,
            51.9135444
          ],
          [
            -9.0186609,
            51.9134998
          ]
        ]
      }
    },
    {
      "type": "Feature",
      "properties": {
        "osm_way_id": 991542625,
        "road_ref": "N22",
        "name": "Macroom Bypass"
      },
      "geometry": {
        "type": "LineString",
        "coordinates": [
          [
            -8.9345586,
            51.889323
          ],
          [
            -8.9344454,
            51.8899411
          ],
          [
            -8.9345739,
            51.8910108
          ],
          [
            -8.9357886,
            51.8959828
          ],
          [
            -8.9359902,
            51.8965058
          ]
        ]
      }
    },
    {
      "type": "Feature",
      "properties": {
        "osm_way_id": 991542626,
        "road_ref": "N22",
        "name": "Macroom Bypass"
      },
      "geometry": {
        "type": "LineString",
        "coordinates": [
          [
            -8.940876,
            51.9031157
          ],
          [
            -8.9412492,
            51.9034902
          ]
        ]
      }
    },
    {
      "type": "Feature",
      "properties": {
        "osm_way_id": 991542627,
        "road_ref": "N22",
        "name": "Macroom Bypass"
      },
      "geometry": {
        "type": "LineString",
        "coordinates": [
          [
            -8.9395607,
            51.9017985
          ],
          [
            -8.940876,
            51.9031157
          ]
        ]
      }
    },
    {
      "type": "Feature",
      "properties": {
        "osm_way_id": 991542628,
        "road_ref": "N22",
        "name": "Macroom Bypass"
      },
      "geometry": {
        "type": "LineString",
        "coordinates": [
          [
            -8.939168,
            51.9013623
          ],
          [
            -8.9395607,
            51.9017985
          ]
        ]
      }
    },
    {
      "type": "Feature",
      "properties": {
        "osm_way_id": 991542629,
        "road_ref": "N22",
        "name": "Macroom Bypass"
      },
      "geometry": {
        "type": "LineString",
        "coordinates": [
          [
            -8.9363291,
            51.8973249
          ],
          [
            -8.9374077,
            51.8992046
          ],
          [
            -8.9381654,
            51.9002122
          ],
          [
            -8.939168,
            51.9013623
          ]
        ]
      }
    },
    {
      "type": "Feature",
      "properties": {
        "osm_way_id": 991542630,
        "road_ref": "N22",
        "name": "Macroom Bypass"
      },
      "geometry": {
        "type": "LineString",
        "coordinates": [
          [
            -8.9359902,
            51.8965058
          ],
          [
            -8.9363291,
            51.8973249
          ]
        ]
      }
    },
    {
      "type": "Feature",
      "properties": {
        "osm_way_id": 995621724,
        "road_ref": "N22",
        "name": "N22"
      },
      "geometry": {
        "type": "LineString",
        "coordinates": [
          [
            -8.5714546,
            51.8809129
          ],
          [
            -8.5714076,
            51.8824697
          ],
          [
            -8.5713665,
            51.8828878
          ],
          [
            -8.5713693,
            51.8830001
          ],
          [
            -8.57142,
            51.883141
          ]
        ]
      }
    },
    {
      "type": "Feature",
      "properties": {
        "osm_way_id": 995672256,
        "road_ref": "N22",
        "name": "Macroom Road"
      },
      "geometry": {
        "type": "LineString",
        "coordinates": [
          [
            -8.6798643,
            51.8820422
          ],
          [
            -8.6808883,
            51.8817046
          ]
        ]
      }
    },
    {
      "type": "Feature",
      "properties": {
        "osm_way_id": 995672258,
        "road_ref": "N22",
        "name": "Macroom Road"
      },
      "geometry": {
        "type": "LineString",
        "coordinates": [
          [
            -8.6735182,
            51.8829662
          ],
          [
            -8.6742994,
            51.8830164
          ],
          [
            -8.6747233,
            51.8830301
          ],
          [
            -8.6748927,
            51.8830356
          ]
        ]
      }
    },
    {
      "type": "Feature",
      "properties": {
        "osm_way_id": 995672262,
        "road_ref": "N22",
        "name": "Macroom Road"
      },
      "geometry": {
        "type": "LineString",
        "coordinates": [
          [
            -8.6709797,
            51.8827844
          ],
          [
            -8.6733325,
            51.8829529
          ]
        ]
      }
    },
    {
      "type": "Feature",
      "properties": {
        "osm_way_id": 995672263,
        "road_ref": "N22",
        "name": "Macroom Road"
      },
      "geometry": {
        "type": "LineString",
        "coordinates": [
          [
            -8.6553611,
            51.8804987
          ],
          [
            -8.6555758,
            51.8805218
          ]
        ]
      }
    },
    {
      "type": "Feature",
      "properties": {
        "osm_way_id": 995672270,
        "road_ref": "N22",
        "name": "Ballincollig Bypass"
      },
      "geometry": {
        "type": "LineString",
        "coordinates": [
          [
            -8.6359773,
            51.8787724
          ],
          [
            -8.6352664,
            51.8787597
          ],
          [
            -8.6351669,
            51.8787579
          ],
          [
            -8.6343669,
            51.8787417
          ],
          [
            -8.6334887,
            51.8787258
          ],
          [
            -8.6325942,
            51.8787044
          ],
          [
            -8.6318548,
            51.878704
          ]
        ]
      }
    },
    {
      "type": "Feature",
      "properties": {
        "osm_way_id": 995672271,
        "road_ref": "N22",
        "name": "Ballincollig Bypass"
      },
      "geometry": {
        "type": "LineString",
        "coordinates": [
          [
            -8.631353,
            51.8785552
          ],
          [
            -8.632531,
            51.8785866
          ],
          [
            -8.6334714,
            51.8786016
          ],
          [
            -8.6351513,
            51.8786471
          ],
          [
            -8.635966,
            51.8786541
          ],
          [
            -8.6367773,
            51.8786672
          ]
        ]
      }
    },
    {
      "type": "Feature",
      "properties": {
        "osm_way_id": 995715782,
        "road_ref": "N22",
        "name": "Ballincollig Bypass"
      },
      "geometry": {
        "type": "LineString",
        "coordinates": [
          [
            -8.6318548,
            51.878704
          ],
          [
            -8.6310383,
            51.8786777
          ],
          [
            -8.6301651,
            51.8786588
          ],
          [
            -8.629357,
            51.8786372
          ],
          [
            -8.6284804,
            51.8786205
          ],
          [
            -8.6275841,
            51.8785888
          ],
          [
            -8.6265022,
            51.8785477
          ],
          [
            -8.6256406,
            51.8785132
          ],
          [
            -8.6245833,
            51.8784561
          ]
        ]
      }
    },
    {
      "type": "Feature",
      "properties": {
        "osm_way_id": 995715783,
        "road_ref": "N22",
        "name": "Ballincollig Bypass"
      },
      "geometry": {
        "type": "LineString",
        "coordinates": [
          [
            -8.6245817,
            51.8783024
          ],
          [
            -8.6251194,
            51.8783346
          ],
          [
            -8.6256629,
            51.8783637
          ],
          [
            -8.6265416,
            51.8784112
          ],
          [
            -8.627584,
            51.8784546
          ],
          [
            -8.6284556,
            51.878485
          ],
          [
            -8.6288947,
            51.8784971
          ],
          [
            -8.6293296,
            51.87851
          ],
          [
            -8.6301594,
            51.8785326
          ],
          [
            -8.6307819,
            51.8785482
          ],
          [
            -8.631353,
            51.8785552
          ]
        ]
      }
    },
    {
      "type": "Feature",
      "properties": {
        "osm_way_id": 995715784,
        "road_ref": "N22",
        "name": "Ballincollig Bypass"
      },
      "geometry": {
        "type": "LineString",
        "coordinates": [
          [
            -8.6245833,
            51.8784561
          ],
          [
            -8.6236025,
            51.8783954
          ],
          [
            -8.620689,
            51.878153
          ],
          [
            -8.6198623,
            51.8780614
          ],
          [
            -8.6185418,
            51.8778835
          ],
          [
            -8.6178305,
            51.8777778
          ],
          [
            -8.6172116,
            51.8776751
          ],
          [
            -8.6166075,
            51.8775657
          ],
          [
            -8.6160758,
            51.8774585
          ],
          [
            -8.6155149,
            51.8773441
          ],
          [
            -8.6150931,
            51.8772503
          ],
          [
            -8.6146909,
            51.8771542
          ],
          [
            -8.6141689,
            51.8770277
          ],
          [
            -8.6136665,
            51.8768965
          ],
          [
            -8.613153,
            51.8767545
          ],
          [
            -8.6126533,
            51.8766118
          ],
          [
            -8.6111161,
            51.8761964
          ]
        ]
      }
    },
    {
      "type": "Feature",
      "properties": {
        "osm_way_id": 995715785,
        "road_ref": "N22",
        "name": "Ballincollig Bypass"
      },
      "geometry": {
        "type": "LineString",
        "coordinates": [
          [
            -8.6114354,
            51.876087
          ],
          [
            -8.6120769,
            51.8762753
          ],
          [
            -8.6127485,
            51.8764664
          ],
          [
            -8.6137391,
            51.8767458
          ],
          [
            -8.6142312,
            51.8768746
          ],
          [
            -8.6147659,
            51.8770064
          ],
          [
            -8.6151627,
            51.8770987
          ],
          [
            -8.6155794,
            51.8771899
          ],
          [
            -8.6161479,
            51.8773096
          ],
          [
            -8.6166023,
            51.8773995
          ],
          [
            -8.6172452,
            51.8775168
          ],
          [
            -8.6178859,
            51.8776254
          ],
          [
            -8.6184558,
            51.8777147
          ],
          [
            -8.6190384,
            51.8777965
          ],
          [
            -8.6196319,
            51.8778699
          ],
          [
            -8.6202349,
            51.8779426
          ],
          [
            -8.6210209,
            51.8780196
          ],
          [
            -8.621757,
            51.8780892
          ],
          [
            -8.6225033,
            51.8781513
          ],
          [
            -8.6230683,
            51.878197
          ],
          [
            -8.6236361,
            51.8782389
          ],
          [
            -8.6245817,
            51.8783024
          ]
        ]
      }
    },
    {
      "type": "Feature",
      "properties": {
        "osm_way_id": 995715786,
        "road_ref": "N22",
        "name": "Ballincollig Bypass"
      },
      "geometry": {
        "type": "LineString",
        "coordinates": [
          [
            -8.5782052,
            51.8737308
          ],
          [
            -8.577188,
            51.8739076
          ],
          [
            -8.5767282,
            51.8739921
          ],
          [
            -8.5763898,
            51.8740641
          ]
        ]
      }
    },
    {
      "type": "Feature",
      "properties": {
        "osm_way_id": 995811646,
        "road_ref": "N22",
        "name": "Carrigrohane Road"
      },
      "geometry": {
        "type": "LineString",
        "coordinates": [
          [
            -8.5168659,
            51.893858
          ],
          [
            -8.516669,
            51.8938403
          ],
          [
            -8.5165769,
            51.893832
          ],
          [
            -8.5165676,
            51.8938312
          ],
          [
            -8.5163462,
            51.8938113
          ],
          [
            -8.5161121,
            51.8937919
          ],
          [
            -8.5157476,
            51.8937623
          ],
          [
            -8.5155618,
            51.893747
          ],
          [
            -8.5151084,
            51.8937099
          ],
          [
            -8.5146124,
            51.8936633
          ],
          [
            -8.514244,
            51.8936348
          ]
        ]
      }
    },
    {
      "type": "Feature",
      "properties": {
        "osm_way_id": 995811648,
        "road_ref": "N22",
        "name": "Carrigrohane Road"
      },
      "geometry": {
        "type": "LineString",
        "coordinates": [
          [
            -8.514244,
            51.8936348
          ],
          [
            -8.5135842,
            51.8935835
          ],
          [
            -8.5130537,
            51.8935354
          ]
        ]
      }
    },
    {
      "type": "Feature",
      "properties": {
        "osm_way_id": 995811649,
        "road_ref": "N22",
        "name": "Carrigrohane Road"
      },
      "geometry": {
        "type": "LineString",
        "coordinates": [
          [
            -8.5258622,
            51.8946096
          ],
          [
            -8.5221567,
            51.8943077
          ]
        ]
      }
    },
    {
      "type": "Feature",
      "properties": {
        "osm_way_id": 1026128750,
        "road_ref": "N22",
        "name": "Seachbh\u00f3thar Bhaile Bhuirne"
      },
      "geometry": {
        "type": "LineString",
        "coordinates": [
          [
            -9.1862952,
            51.9581301
          ],
          [
            -9.186577,
            51.9581636
          ]
        ]
      }
    },
    {
      "type": "Feature",
      "properties": {
        "osm_way_id": 1026128752,
        "road_ref": "N22",
        "name": "Seachbh\u00f3thar Bhaile Bhuirne"
      },
      "geometry": {
        "type": "LineString",
        "coordinates": [
          [
            -9.1865577,
            51.9582307
          ],
          [
            -9.1862839,
            51.9581969
          ]
        ]
      }
    },
    {
      "type": "Feature",
      "properties": {
        "osm_way_id": 1034784906,
        "road_ref": "N22",
        "name": "Seachbh\u00f3thar Bhaile Bhuirne"
      },
      "geometry": {
        "type": "LineString",
        "coordinates": [
          [
            -9.186577,
            51.9581636
          ],
          [
            -9.1885002,
            51.9583678
          ],
          [
            -9.1894795,
            51.9583971
          ],
          [
            -9.1925043,
            51.9583934
          ]
        ]
      }
    },
    {
      "type": "Feature",
      "properties": {
        "osm_way_id": 1034784908,
        "road_ref": "N22",
        "name": "Seachbh\u00f3thar Bhaile Bhuirne"
      },
      "geometry": {
        "type": "LineString",
        "coordinates": [
          [
            -9.1908807,
            51.9584666
          ],
          [
            -9.1905028,
            51.9584733
          ],
          [
            -9.1895076,
            51.9584839
          ],
          [
            -9.1884893,
            51.9584475
          ],
          [
            -9.1865577,
            51.9582307
          ]
        ]
      }
    },
    {
      "type": "Feature",
      "properties": {
        "osm_way_id": 1061780610,
        "road_ref": "N22",
        "name": "N22"
      },
      "geometry": {
        "type": "LineString",
        "coordinates": [
          [
            -9.1943446,
            51.9586099
          ],
          [
            -9.1949159,
            51.9587143
          ],
          [
            -9.1954911,
            51.9588526
          ],
          [
            -9.1966602,
            51.9591733
          ],
          [
            -9.1971511,
            51.9593237
          ]
        ]
      }
    },
    {
      "type": "Feature",
      "properties": {
        "osm_way_id": 1061780611,
        "road_ref": "N22",
        "name": "N22"
      },
      "geometry": {
        "type": "LineString",
        "coordinates": [
          [
            -9.2022633,
            51.9608669
          ],
          [
            -9.2016804,
            51.9607099
          ],
          [
            -9.1986231,
            51.959822
          ],
          [
            -9.1973607,
            51.9594411
          ],
          [
            -9.1966091,
            51.9592143
          ]
        ]
      }
    },
    {
      "type": "Feature",
      "properties": {
        "osm_way_id": 1061780612,
        "road_ref": "N22",
        "name": "N22"
      },
      "geometry": {
        "type": "LineString",
        "coordinates": [
          [
            -9.1928313,
            51.9584934
          ],
          [
            -9.1925069,
            51.9584689
          ]
        ]
      }
    },
    {
      "type": "Feature",
      "properties": {
        "osm_way_id": 1061780613,
        "road_ref": "N22",
        "name": "Seachbh\u00f3thar Bhaile Bhuirne"
      },
      "geometry": {
        "type": "LineString",
        "coordinates": [
          [
            -9.1925043,
            51.9583934
          ],
          [
            -9.1928445,
            51.9584186
          ]
        ]
      }
    },
    {
      "type": "Feature",
      "properties": {
        "osm_way_id": 1075351211,
        "road_ref": "N22",
        "name": "Killarney Bypass"
      },
      "geometry": {
        "type": "LineString",
        "coordinates": [
          [
            -9.5008849,
            52.0686947
          ],
          [
            -9.5012279,
            52.0687598
          ],
          [
            -9.501653,
            52.0688525
          ],
          [
            -9.5021429,
            52.0689527
          ],
          [
            -9.5026191,
            52.0690437
          ],
          [
            -9.5029013,
            52.0690944
          ]
        ]
      }
    },
    {
      "type": "Feature",
      "properties": {
        "osm_way_id": 1075351212,
        "road_ref": "N22",
        "name": "Killarney Bypass"
      },
      "geometry": {
        "type": "LineString",
        "coordinates": [
          [
            -9.5159322,
            52.0692414
          ],
          [
            -9.515813,
            52.069254
          ],
          [
            -9.5157416,
            52.0692658
          ],
          [
            -9.5155385,
            52.0692993
          ],
          [
            -9.5147197,
            52.0694284
          ],
          [
            -9.5140208,
            52.0695432
          ],
          [
            -9.5137693,
            52.0695858
          ],
          [
            -9.5132428,
            52.0696718
          ],
          [
            -9.5125435,
            52.069782
          ],
          [
            -9.5122308,
            52.0698256
          ],
          [
            -9.5119368,
            52.0698634
          ],
          [
            -9.5115195,
            52.0699044
          ],
          [
            -9.5111569,
            52.0699336
          ],
          [
            -9.5108356,
            52.0699524
          ],
          [
            -9.5104123,
            52.0699653
          ],
          [
            -9.5099859,
            52.069966
          ],
          [
            -9.5095295,
            52.0699571
          ],
          [
            -9.5091801,
            52.0699436
          ],
          [
            -9.5088213,
            52.0699218
          ],
          [
            -9.5086481,
            52.0699085
          ]
        ]
      }
    },
    {
      "type": "Feature",
      "properties": {
        "osm_way_id": 1075351213,
        "road_ref": "N22",
        "name": "Killarney Bypass"
      },
      "geometry": {
        "type": "LineString",
        "coordinates": [
          [
            -9.5051492,
            52.0694848
          ],
          [
            -9.504239,
            52.069363
          ],
          [
            -9.5035129,
            52.0692566
          ],
          [
            -9.5028732,
            52.0691518
          ]
        ]
      }
    },
    {
      "type": "Feature",
      "properties": {
        "osm_way_id": 1075351214,
        "road_ref": "N22",
        "name": "Killarney Bypass"
      },
      "geometry": {
        "type": "LineString",
        "coordinates": [
          [
            -9.5061579,
            52.0696128
          ],
          [
            -9.5059804,
            52.0695921
          ]
        ]
      }
    },
    {
      "type": "Feature",
      "properties": {
        "osm_way_id": 1075351215,
        "road_ref": "N22",
        "name": "Killarney Bypass"
      },
      "geometry": {
        "type": "LineString",
        "coordinates": [
          [
            -9.5163803,
            52.0692531
          ],
          [
            -9.5162167,
            52.0692412
          ],
          [
            -9.5160573,
            52.0692333
          ],
          [
            -9.5159322,
            52.0692414
          ]
        ]
      }
    },
    {
      "type": "Feature",
      "properties": {
        "osm_way_id": 1076704263,
        "road_ref": "N22",
        "name": "Killarney Bypass"
      },
      "geometry": {
        "type": "LineString",
        "coordinates": [
          [
            -9.5028732,
            52.0691518
          ],
          [
            -9.5025995,
            52.0690967
          ],
          [
            -9.5021266,
            52.0690017
          ],
          [
            -9.5016131,
            52.0688886
          ],
          [
            -9.501215,
            52.068793
          ],
          [
            -9.5008849,
            52.0686947
          ]
        ]
      }
    },
    {
      "type": "Feature",
      "properties": {
        "osm_way_id": 1089820621,
        "road_ref": "N22",
        "name": "N22"
      },
      "geometry": {
        "type": "LineString",
        "coordinates": [
          [
            -8.9346564,
            51.8878176
          ],
          [
            -8.9347117,
            51.8878668
          ],
          [
            -8.934852,
            51.8879918
          ]
        ]
      }
    },
    {
      "type": "Feature",
      "properties": {
        "osm_way_id": 1089820622,
        "road_ref": "N22",
        "name": "N22"
      },
      "geometry": {
        "type": "LineString",
        "coordinates": [
          [
            -8.9345269,
            51.8880248
          ],
          [
            -8.9345333,
            51.8878977
          ],
          [
            -8.9345363,
            51.887837
          ],
          [
            -8.9344986,
            51.8876433
          ]
        ]
      }
    },
    {
      "type": "Feature",
      "properties": {
        "osm_way_id": 1089968146,
        "road_ref": "N22",
        "name": "Coolcower Roundabout"
      },
      "geometry": {
        "type": "LineString",
        "coordinates": [
          [
            -8.9345269,
            51.8880248
          ],
          [
            -8.9346847,
            51.8879906
          ],
          [
            -8.934852,
            51.8879918
          ]
        ]
      }
    },
    {
      "type": "Feature",
      "properties": {
        "osm_way_id": 1089968147,
        "road_ref": "N22",
        "name": "Coolcower Roundabout"
      },
      "geometry": {
        "type": "LineString",
        "coordinates": [
          [
            -8.9352318,
            51.8883527
          ],
          [
            -8.9351749,
            51.8884384
          ],
          [
            -8.935078,
            51.8885091
          ]
        ]
      }
    },
    {
      "type": "Feature",
      "properties": {
        "osm_way_id": 1089968148,
        "road_ref": "N22",
        "name": "Coolcower Roundabout"
      },
      "geometry": {
        "type": "LineString",
        "coordinates": [
          [
            -8.934852,
            51.8879918
          ],
          [
            -8.9350079,
            51.8880323
          ],
          [
            -8.935116,
            51.8880879
          ],
          [
            -8.9352087,
            51.888163
          ],
          [
            -8.9352429,
            51.8882571
          ],
          [
            -8.9352318,
            51.8883527
          ]
        ]
      }
    },
    {
      "type": "Feature",
      "properties": {
        "osm_way_id": 1091872614,
        "road_ref": "N22",
        "name": "Coolcower Roundabout"
      },
      "geometry": {
        "type": "LineString",
        "coordinates": [
          [
            -8.9348135,
            51.8885798
          ],
          [
            -8.9346678,
            51.8885756
          ],
          [
            -8.9345308,
            51.8885447
          ],
          [
            -8.9344152,
            51.8884899
          ]
        ]
      }
    },
    {
      "type": "Feature",
      "properties": {
        "osm_way_id": 1091872615,
        "road_ref": "N22",
        "name": "Coolcower Roundabout"
      },
      "geometry": {
        "type": "LineString",
        "coordinates": [
          [
            -8.935078,
            51.8885091
          ],
          [
            -8.9349545,
            51.888557
          ],
          [
            -8.9348135,
            51.8885798
          ]
        ]
      }
    },
    {
      "type": "Feature",
      "properties": {
        "osm_way_id": 1098687703,
        "road_ref": "N22",
        "name": "Macroom Bypass"
      },
      "geometry": {
        "type": "LineString",
        "coordinates": [
          [
            -8.9617048,
            51.917351
          ],
          [
            -8.9609721,
            51.9172013
          ],
          [
            -8.9594713,
            51.9168207
          ],
          [
            -8.9575482,
            51.916059
          ],
          [
            -8.9559147,
            51.9151123
          ],
          [
            -8.9544399,
            51.9139632
          ],
          [
            -8.9523018,
            51.9121669
          ],
          [
            -8.950214,
            51.9106703
          ],
          [
            -8.9484473,
            51.9092783
          ],
          [
            -8.9469274,
            51.9080731
          ],
          [
            -8.9453722,
            51.9069509
          ],
          [
            -8.9447984,
            51.9065928
          ]
        ]
      }
    },
    {
      "type": "Feature",
      "properties": {
        "osm_way_id": 1098687704,
        "road_ref": "N22",
        "name": "Macroom Bypass"
      },
      "geometry": {
        "type": "LineString",
        "coordinates": [
          [
            -8.9449056,
            51.9065287
          ],
          [
            -8.945487,
            51.9068966
          ],
          [
            -8.9470381,
            51.9080095
          ],
          [
            -8.9485829,
            51.9092045
          ],
          [
            -8.9503614,
            51.9106032
          ],
          [
            -8.9524849,
            51.9121245
          ],
          [
            -8.9545588,
            51.9139039
          ],
          [
            -8.956046,
            51.9150734
          ],
          [
            -8.9576093,
            51.9160035
          ],
          [
            -8.9595209,
            51.9167639
          ],
          [
            -8.9610352,
            51.9171258
          ],
          [
            -8.9617337,
            51.917263
          ]
        ]
      }
    },
    {
      "type": "Feature",
      "properties": {
        "osm_way_id": 1098687705,
        "road_ref": "N22",
        "name": "Macroom Bypass"
      },
      "geometry": {
        "type": "LineString",
        "coordinates": [
          [
            -8.9617337,
            51.917263
          ],
          [
            -8.96201,
            51.9173077
          ]
        ]
      }
    },
    {
      "type": "Feature",
      "properties": {
        "osm_way_id": 1098687706,
        "road_ref": "N22",
        "name": "Macroom Bypass"
      },
      "geometry": {
        "type": "LineString",
        "coordinates": [
          [
            -8.9619762,
            51.9173937
          ],
          [
            -8.9617048,
            51.917351
          ]
        ]
      }
    },
    {
      "type": "Feature",
      "properties": {
        "osm_way_id": 1103518606,
        "road_ref": "N22",
        "name": "Carrigrohane Road"
      },
      "geometry": {
        "type": "LineString",
        "coordinates": [
          [
            -8.5130537,
            51.8935354
          ],
          [
            -8.5128615,
            51.8935129
          ],
          [
            -8.5120032,
            51.8934417
          ],
          [
            -8.5119052,
            51.8934323
          ],
          [
            -8.5112999,
            51.8933833
          ],
          [
            -8.5111376,
            51.8933698
          ],
          [
            -8.5110217,
            51.8933602
          ],
          [
            -8.5100865,
            51.8932844
          ],
          [
            -8.5099038,
            51.8932676
          ],
          [
            -8.5095762,
            51.8932404
          ]
        ]
      }
    },
    {
      "type": "Feature",
      "properties": {
        "osm_way_id": 1103518607,
        "road_ref": "N22",
        "name": "Carrigrohane Road"
      },
      "geometry": {
        "type": "LineString",
        "coordinates": [
          [
            -8.5069614,
            51.8930318
          ],
          [
            -8.5065367,
            51.8929957
          ],
          [
            -8.5056757,
            51.8929124
          ],
          [
            -8.5056164,
            51.8929069
          ],
          [
            -8.5055436,
            51.8929001
          ],
          [
            -8.5053504,
            51.8928821
          ]
        ]
      }
    },
    {
      "type": "Feature",
      "properties": {
        "osm_way_id": 1103756078,
        "road_ref": "N22",
        "name": "Park Road Roundabout"
      },
      "geometry": {
        "type": "LineString",
        "coordinates": [
          [
            -9.4829518,
            52.0605338
          ],
          [
            -9.4829442,
            52.0604775
          ],
          [
            -9.4829706,
            52.0604234
          ]
        ]
      }
    },
    {
      "type": "Feature",
      "properties": {
        "osm_way_id": 1103756079,
        "road_ref": "N22",
        "name": "Park Road Roundabout"
      },
      "geometry": {
        "type": "LineString",
        "coordinates": [
          [
            -9.483135,
            52.0606412
          ],
          [
            -9.4830382,
            52.060613
          ]
        ]
      }
    },
    {
      "type": "Feature",
      "properties": {
        "osm_way_id": 1103756080,
        "road_ref": "N22",
        "name": "Park Road Roundabout"
      },
      "geometry": {
        "type": "LineString",
        "coordinates": [
          [
            -9.4833485,
            52.0606091
          ],
          [
            -9.4832479,
            52.0606406
          ],
          [
            -9.483135,
            52.0606412
          ]
        ]
      }
    },
    {
      "type": "Feature",
      "properties": {
        "osm_way_id": 1103756081,
        "road_ref": "N22",
        "name": "Park Road Roundabout"
      },
      "geometry": {
        "type": "LineString",
        "coordinates": [
          [
            -9.483412,
            52.0605586
          ],
          [
            -9.4833485,
            52.0606091
          ]
        ]
      }
    },
    {
      "type": "Feature",
      "properties": {
        "osm_way_id": 1111639477,
        "road_ref": "N22",
        "name": "Macroom Bypass"
      },
      "geometry": {
        "type": "LineString",
        "coordinates": [
          [
            -9.0186609,
            51.9134998
          ],
          [
            -9.0198177,
            51.9133021
          ],
          [
            -9.0211102,
            51.9130198
          ],
          [
            -9.0235424,
            51.9123044
          ],
          [
            -9.0249178,
            51.9118796
          ]
        ]
      }
    },
    {
      "type": "Feature",
      "properties": {
        "osm_way_id": 1111639478,
        "road_ref": "N22",
        "name": "Macroom Bypass"
      },
      "geometry": {
        "type": "LineString",
        "coordinates": [
          [
            -9.0249744,
            51.9119696
          ],
          [
            -9.0236218,
            51.9123811
          ],
          [
            -9.021148,
            51.9131144
          ],
          [
            -9.0198408,
            51.9133872
          ],
          [
            -9.0186804,
            51.9135692
          ]
        ]
      }
    },
    {
      "type": "Feature",
      "properties": {
        "osm_way_id": 1117440414,
        "road_ref": "N22",
        "name": "Western Road"
      },
      "geometry": {
        "type": "LineString",
        "coordinates": [
          [
            -8.4891819,
            51.8955707
          ],
          [
            -8.4894345,
            51.8955391
          ]
        ]
      }
    },
    {
      "type": "Feature",
      "properties": {
        "osm_way_id": 1121239050,
        "road_ref": "N22",
        "name": "Macroom Bypass"
      },
      "geometry": {
        "type": "LineString",
        "coordinates": [
          [
            -8.9343335,
            51.8893222
          ],
          [
            -8.9344452,
            51.8886892
          ],
          [
            -8.9344152,
            51.8884899
          ]
        ]
      }
    },
    {
      "type": "Feature",
      "properties": {
        "osm_way_id": 1132200552,
        "road_ref": "N22",
        "name": "N22"
      },
      "geometry": {
        "type": "LineString",
        "coordinates": [
          [
            -8.84069,
            51.8481193
          ],
          [
            -8.8418038,
            51.8481357
          ],
          [
            -8.8422955,
            51.8481706
          ],
          [
            -8.8425316,
            51.8481874
          ],
          [
            -8.8432118,
            51.8482618
          ],
          [
            -8.8436439,
            51.8483331
          ],
          [
            -8.8439074,
            51.8483759
          ],
          [
            -8.844759,
            51.848559
          ],
          [
            -8.8455309,
            51.8487643
          ],
          [
            -8.8455671,
            51.8487739
          ],
          [
            -8.8468373,
            51.8491823
          ],
          [
            -8.8471291,
            51.8492869
          ],
          [
            -8.8479408,
            51.8495579
          ],
          [
            -8.8488562,
            51.8498434
          ],
          [
            -8.8494975,
            51.8499992
          ],
          [
            -8.8498508,
            51.8500582
          ],
          [
            -8.8501466,
            51.8501077
          ],
          [
            -8.8508067,
            51.850187
          ],
          [
            -8.8513342,
            51.8502189
          ],
          [
            -8.852522,
            51.8502041
          ],
          [
            -8.8543286,
            51.8500976
          ],
          [
            -8.856731,
            51.8499559
          ],
          [
            -8.8576081,
            51.8499961
          ],
          [
            -8.8585273,
            51.850154
          ],
          [
            -8.8593849,
            51.8503912
          ]
        ]
      }
    },
    {
      "type": "Feature",
      "properties": {
        "osm_way_id": 1132200553,
        "road_ref": "N22",
        "name": "Crookstown Bypass"
      },
      "geometry": {
        "type": "LineString",
        "coordinates": [
          [
            -8.8124459,
            51.8545536
          ],
          [
            -8.8154751,
            51.8536222
          ],
          [
            -8.8175997,
            51.8529489
          ],
          [
            -8.8182988,
            51.8527274
          ],
          [
            -8.8195096,
            51.8523599
          ],
          [
            -8.820743,
            51.8520203
          ],
          [
            -8.8219276,
            51.8517121
          ],
          [
            -8.823136,
            51.8514281
          ],
          [
            -8.8234402,
            51.8513623
          ],
          [
            -8.8249641,
            51.8510327
          ],
          [
            -8.8263061,
            51.8507394
          ],
          [
            -8.8266087,
            51.8506733
          ],
          [
            -8.828447,
            51.8503
          ],
          [
            -8.8287875,
            51.8502309
          ],
          [
            -8.8290815,
            51.8501713
          ],
          [
            -8.8306308,
            51.8498569
          ],
          [
            -8.8321644,
            51.8495326
          ],
          [
            -8.8325155,
            51.8494584
          ],
          [
            -8.8335583,
            51.8492483
          ],
          [
            -8.8344505,
            51.8490685
          ],
          [
            -8.83756,
            51.8484369
          ],
          [
            -8.8384542,
            51.8482895
          ],
          [
            -8.838847,
            51.8482428
          ],
          [
            -8.8394186,
            51.8481748
          ],
          [
            -8.84069,
            51.8481193
          ]
        ]
      }
    },
    {
      "type": "Feature",
      "properties": {
        "osm_way_id": 1132200556,
        "road_ref": "N22",
        "name": "Macroom Bypass"
      },
      "geometry": {
        "type": "LineString",
        "coordinates": [
          [
            -9.1278145,
            51.9345562
          ],
          [
            -9.1245028,
            51.9326012
          ],
          [
            -9.1222676,
            51.931421
          ],
          [
            -9.1183445,
            51.929095
          ],
          [
            -9.1127409,
            51.9250062
          ]
        ]
      }
    },
    {
      "type": "Feature",
      "properties": {
        "osm_way_id": 1132200557,
        "road_ref": "N22",
        "name": "Macroom Bypass"
      },
      "geometry": {
        "type": "LineString",
        "coordinates": [
          [
            -9.1129575,
            51.9249117
          ],
          [
            -9.1133718,
            51.9252156
          ],
          [
            -9.1185398,
            51.9290062
          ],
          [
            -9.120684,
            51.9303025
          ],
          [
            -9.1224225,
            51.9313353
          ],
          [
            -9.1246678,
            51.932526
          ],
          [
            -9.1279809,
            51.9344133
          ]
        ]
      }
    },
    {
      "type": "Feature",
      "properties": {
        "osm_way_id": 1132207077,
        "road_ref": "N22",
        "name": "Macroom Bypass"
      },
      "geometry": {
        "type": "LineString",
        "coordinates": [
          [
            -8.9412492,
            51.9034902
          ],
          [
            -8.9428906,
            51.9049563
          ],
          [
            -8.9441765,
            51.9060325
          ],
          [
            -8.9446976,
            51.906398
          ]
        ]
      }
    },
    {
      "type": "Feature",
      "properties": {
        "osm_way_id": 1132207078,
        "road_ref": "N22",
        "name": "Macroom Bypass"
      },
      "geometry": {
        "type": "LineString",
        "coordinates": [
          [
            -8.9446976,
            51.906398
          ],
          [
            -8.9449056,
            51.9065287
          ]
        ]
      }
    },
    {
      "type": "Feature",
      "properties": {
        "osm_way_id": 1132207079,
        "road_ref": "N22",
        "name": "Macroom Bypass"
      },
      "geometry": {
        "type": "LineString",
        "coordinates": [
          [
            -8.9445911,
            51.9064671
          ],
          [
            -8.9440548,
            51.9060986
          ],
          [
            -8.9427388,
            51.9050273
          ],
          [
            -8.9411224,
            51.9035401
          ]
        ]
      }
    },
    {
      "type": "Feature",
      "properties": {
        "osm_way_id": 1132207080,
        "road_ref": "N22",
        "name": "Macroom Bypass"
      },
      "geometry": {
        "type": "LineString",
        "coordinates": [
          [
            -8.9447984,
            51.9065928
          ],
          [
            -8.9445911,
            51.9064671
          ]
        ]
      }
    },
    {
      "type": "Feature",
      "properties": {
        "osm_way_id": 1132564544,
        "road_ref": "N22",
        "name": "Macroom Bypass"
      },
      "geometry": {
        "type": "LineString",
        "coordinates": [
          [
            -9.0253178,
            51.9118652
          ],
          [
            -9.0249744,
            51.9119696
          ]
        ]
      }
    },
    {
      "type": "Feature",
      "properties": {
        "osm_way_id": 1132564545,
        "road_ref": "N22",
        "name": "Macroom Bypass"
      },
      "geometry": {
        "type": "LineString",
        "coordinates": [
          [
            -9.0249178,
            51.9118796
          ],
          [
            -9.0252446,
            51.9117787
          ]
        ]
      }
    },
    {
      "type": "Feature",
      "properties": {
        "osm_way_id": 1132564546,
        "road_ref": "N22",
        "name": "Macroom Bypass"
      },
      "geometry": {
        "type": "LineString",
        "coordinates": [
          [
            -8.9840785,
            51.9150012
          ],
          [
            -8.9836749,
            51.9149997
          ],
          [
            -8.9830267,
            51.9149944
          ],
          [
            -8.9813749,
            51.9149988
          ],
          [
            -8.9803545,
            51.9150293
          ],
          [
            -8.9770745,
            51.915446
          ],
          [
            -8.9737502,
            51.9161933
          ],
          [
            -8.9691689,
            51.9172231
          ],
          [
            -8.9668266,
            51.9175499
          ],
          [
            -8.9654475,
            51.9176359
          ],
          [
            -8.9646615,
            51.9176339
          ],
          [
            -8.9636859,
            51.9175916
          ],
          [
            -8.9619762,
            51.9173937
          ]
        ]
      }
    },
    {
      "type": "Feature",
      "properties": {
        "osm_way_id": 1132564547,
        "road_ref": "N22",
        "name": "Macroom Bypass"
      },
      "geometry": {
        "type": "LineString",
        "coordinates": [
          [
            -8.9844307,
            51.9150026
          ],
          [
            -8.9840785,
            51.9150012
          ]
        ]
      }
    },
    {
      "type": "Feature",
      "properties": {
        "osm_way_id": 1132564548,
        "road_ref": "N22",
        "name": "Macroom Bypass"
      },
      "geometry": {
        "type": "LineString",
        "coordinates": [
          [
            -8.96201,
            51.9173077
          ],
          [
            -8.9637219,
            51.9175065
          ],
          [
            -8.9646588,
            51.9175621
          ],
          [
            -8.9654346,
            51.9175592
          ],
          [
            -8.9667959,
            51.917475
          ],
          [
            -8.9690842,
            51.9171466
          ],
          [
            -8.9737009,
            51.9161171
          ],
          [
            -8.9738693,
            51.9160796
          ],
          [
            -8.9770468,
            51.915371
          ],
          [
            -8.9803417,
            51.914966
          ],
          [
            -8.9813297,
            51.9149341
          ],
          [
            -8.9816967,
            51.9149265
          ],
          [
            -8.9840648,
            51.9149325
          ]
        ]
      }
    },
    {
      "type": "Feature",
      "properties": {
        "osm_way_id": 1132564549,
        "road_ref": "N22",
        "name": "Macroom Bypass"
      },
      "geometry": {
        "type": "LineString",
        "coordinates": [
          [
            -8.9840648,
            51.9149325
          ],
          [
            -8.9843948,
            51.9149325
          ]
        ]
      }
    },
    {
      "type": "Feature",
      "properties": {
        "osm_way_id": 1132564551,
        "road_ref": "N22",
        "name": "Macroom Bypass"
      },
      "geometry": {
        "type": "LineString",
        "coordinates": [
          [
            -9.1279809,
            51.9344133
          ],
          [
            -9.1284572,
            51.9346814
          ]
        ]
      }
    },
    {
      "type": "Feature",
      "properties": {
        "osm_way_id": 1132564552,
        "road_ref": "N22",
        "name": "Macroom Bypass"
      },
      "geometry": {
        "type": "LineString",
        "coordinates": [
          [
            -9.1282797,
            51.934817
          ],
          [
            -9.1278145,
            51.9345562
          ]
        ]
      }
    },
    {
      "type": "Feature",
      "properties": {
        "osm_way_id": 1134127128,
        "road_ref": "N22",
        "name": "Macroom Bypass"
      },
      "geometry": {
        "type": "LineString",
        "coordinates": [
          [
            -9.0745837,
            51.9156655
          ],
          [
            -9.0754854,
            51.9156661
          ],
          [
            -9.0798565,
            51.9159714
          ],
          [
            -9.0816938,
            51.9162691
          ],
          [
            -9.0834377,
            51.9166936
          ],
          [
            -9.0847784,
            51.9173245
          ],
          [
            -9.0862972,
            51.9181413
          ],
          [
            -9.0879486,
            51.9188408
          ],
          [
            -9.0910373,
            51.9196946
          ],
          [
            -9.1003601,
            51.9218552
          ],
          [
            -9.1035054,
            51.922421
          ],
          [
            -9.1076452,
            51.9229973
          ],
          [
            -9.1099655,
            51.9235891
          ],
          [
            -9.1116355,
            51.9242333
          ],
          [
            -9.1118721,
            51.9243246
          ]
        ]
      }
    },
    {
      "type": "Feature",
      "properties": {
        "osm_way_id": 1134127129,
        "road_ref": "N22",
        "name": "Macroom Bypass"
      },
      "geometry": {
        "type": "LineString",
        "coordinates": [
          [
            -9.0739296,
            51.9156642
          ],
          [
            -9.0745837,
            51.9156655
          ]
        ]
      }
    },
    {
      "type": "Feature",
      "properties": {
        "osm_way_id": 1134127130,
        "road_ref": "N22",
        "name": "Macroom Bypass"
      },
      "geometry": {
        "type": "LineString",
        "coordinates": [
          [
            -9.1117561,
            51.924435
          ],
          [
            -9.1098979,
            51.923701
          ],
          [
            -9.107554,
            51.9230971
          ],
          [
            -9.1034809,
            51.9225134
          ],
          [
            -9.100341,
            51.9219492
          ],
          [
            -9.0909859,
            51.9197794
          ],
          [
            -9.0878746,
            51.9189273
          ],
          [
            -9.0862281,
            51.9182283
          ],
          [
            -9.0845871,
            51.9173436
          ],
          [
            -9.0833693,
            51.9167799
          ],
          [
            -9.0816157,
            51.9163438
          ],
          [
            -9.0797802,
            51.9160566
          ],
          [
            -9.075459,
            51.9157526
          ],
          [
            -9.0745793,
            51.915748
          ]
        ]
      }
    },
    {
      "type": "Feature",
      "properties": {
        "osm_way_id": 1134127131,
        "road_ref": "N22",
        "name": "Macroom Bypass"
      },
      "geometry": {
        "type": "LineString",
        "coordinates": [
          [
            -9.0745793,
            51.915748
          ],
          [
            -9.0739367,
            51.9157461
          ]
        ]
      }
    },
    {
      "type": "Feature",
      "properties": {
        "osm_way_id": 1136276791,
        "road_ref": "N22",
        "name": "N22"
      },
      "geometry": {
        "type": "LineString",
        "coordinates": [
          [
            -9.3617233,
            52.0127137
          ],
          [
            -9.3611557,
            52.012455
          ]
        ]
      }
    },
    {
      "type": "Feature",
      "properties": {
        "osm_way_id": 1148635968,
        "road_ref": "N22",
        "name": "Killarney Bypass"
      },
      "geometry": {
        "type": "LineString",
        "coordinates": [
          [
            -9.5066486,
            52.0696179
          ],
          [
            -9.5068243,
            52.0696422
          ],
          [
            -9.5077445,
            52.0697565
          ],
          [
            -9.5084399,
            52.0698336
          ],
          [
            -9.5088633,
            52.0698729
          ],
          [
            -9.5091664,
            52.0698963
          ],
          [
            -9.5094673,
            52.0699147
          ],
          [
            -9.5098503,
            52.0699252
          ],
          [
            -9.510304,
            52.0699253
          ],
          [
            -9.5106915,
            52.0699164
          ],
          [
            -9.5111144,
            52.069896
          ],
          [
            -9.511497,
            52.0698651
          ],
          [
            -9.5119405,
            52.0698219
          ],
          [
            -9.512354,
            52.0697715
          ],
          [
            -9.5128541,
            52.0696936
          ],
          [
            -9.5140001,
            52.0695062
          ]
        ]
      }
    },
    {
      "type": "Feature",
      "properties": {
        "osm_way_id": 1148635969,
        "road_ref": "N22",
        "name": "Killarney Bypass"
      },
      "geometry": {
        "type": "LineString",
        "coordinates": [
          [
            -9.5064621,
            52.0695936
          ],
          [
            -9.5066486,
            52.0696179
          ]
        ]
      }
    },
    {
      "type": "Feature",
      "properties": {
        "osm_way_id": 1193586632,
        "road_ref": "N22",
        "name": "Macroom Bypass"
      },
      "geometry": {
        "type": "LineString",
        "coordinates": [
          [
            -9.1284572,
            51.9346814
          ],
          [
            -9.1287776,
            51.9348657
          ],
          [
            -9.1289582,
            51.93497
          ]
        ]
      }
    },
    {
      "type": "Feature",
      "properties": {
        "osm_way_id": 1193586633,
        "road_ref": "N22",
        "name": "Macroom Bypass"
      },
      "geometry": {
        "type": "LineString",
        "coordinates": [
          [
            -9.1290083,
            51.935202
          ],
          [
            -9.1282797,
            51.934817
          ]
        ]
      }
    },
    {
      "type": "Feature",
      "properties": {
        "osm_way_id": 1197628078,
        "road_ref": "N22",
        "name": "Seachbh\u00f3thar Bhaile Bhuirne"
      },
      "geometry": {
        "type": "LineString",
        "coordinates": [
          [
            -9.1928445,
            51.9584186
          ],
          [
            -9.1939389,
            51.9585308
          ],
          [
            -9.1943446,
            51.9586099
          ]
        ]
      }
    },
    {
      "type": "Feature",
      "properties": {
        "osm_way_id": 1197628079,
        "road_ref": "N22",
        "name": "N22"
      },
      "geometry": {
        "type": "LineString",
        "coordinates": [
          [
            -9.1925069,
            51.9584689
          ],
          [
            -9.1915263,
            51.9584675
          ],
          [
            -9.1908807,
            51.9584666
          ]
        ]
      }
    },
    {
      "type": "Feature",
      "properties": {
        "osm_way_id": 1197630118,
        "road_ref": "N22",
        "name": "Macroom Bypass"
      },
      "geometry": {
        "type": "LineString",
        "coordinates": [
          [
            -9.1295899,
            51.9354776
          ],
          [
            -9.1290083,
            51.935202
          ]
        ]
      }
    },
    {
      "type": "Feature",
      "properties": {
        "osm_way_id": 1202016965,
        "road_ref": "N22",
        "name": "Washington Street"
      },
      "geometry": {
        "type": "LineString",
        "coordinates": [
          [
            -8.479187,
            51.8975518
          ],
          [
            -8.4793077,
            51.8975401
          ]
        ]
      }
    },
    {
      "type": "Feature",
      "properties": {
        "osm_way_id": 1202016967,
        "road_ref": "N22",
        "name": "Washington Street"
      },
      "geometry": {
        "type": "LineString",
        "coordinates": [
          [
            -8.4793077,
            51.8975401
          ],
          [
            -8.4796224,
            51.8975066
          ]
        ]
      }
    },
    {
      "type": "Feature",
      "properties": {
        "osm_way_id": 1202016971,
        "road_ref": "N22",
        "name": "Washington Street"
      },
      "geometry": {
        "type": "LineString",
        "coordinates": [
          [
            -8.479187,
            51.8975518
          ],
          [
            -8.4789904,
            51.8975697
          ]
        ]
      }
    },
    {
      "type": "Feature",
      "properties": {
        "osm_way_id": 1202016972,
        "road_ref": "N22",
        "name": "Washington Street"
      },
      "geometry": {
        "type": "LineString",
        "coordinates": [
          [
            -8.4789904,
            51.8975697
          ],
          [
            -8.4789415,
            51.8975738
          ]
        ]
      }
    },
    {
      "type": "Feature",
      "properties": {
        "osm_way_id": 1202021452,
        "road_ref": "N22",
        "name": "Washington Street"
      },
      "geometry": {
        "type": "LineString",
        "coordinates": [
          [
            -8.4772477,
            51.8977169
          ],
          [
            -8.477146,
            51.8977285
          ]
        ]
      }
    },
    {
      "type": "Feature",
      "properties": {
        "osm_way_id": 1202021453,
        "road_ref": "N22",
        "name": "Washington Street"
      },
      "geometry": {
        "type": "LineString",
        "coordinates": [
          [
            -8.4773352,
            51.8977093
          ],
          [
            -8.4773058,
            51.8977119
          ]
        ]
      }
    },
    {
      "type": "Feature",
      "properties": {
        "osm_way_id": 1202021454,
        "road_ref": "N22",
        "name": "Washington Street"
      },
      "geometry": {
        "type": "LineString",
        "coordinates": [
          [
            -8.4773058,
            51.8977119
          ],
          [
            -8.4772819,
            51.897714
          ],
          [
            -8.4772477,
            51.8977169
          ]
        ]
      }
    },
    {
      "type": "Feature",
      "properties": {
        "osm_way_id": 1202021456,
        "road_ref": "N22",
        "name": "Washington Street"
      },
      "geometry": {
        "type": "LineString",
        "coordinates": [
          [
            -8.477146,
            51.8977285
          ],
          [
            -8.4770054,
            51.8977446
          ]
        ]
      }
    },
    {
      "type": "Feature",
      "properties": {
        "osm_way_id": 1202021457,
        "road_ref": "N22",
        "name": "Washington Street"
      },
      "geometry": {
        "type": "LineString",
        "coordinates": [
          [
            -8.4769512,
            51.897752
          ],
          [
            -8.4765343,
            51.8977998
          ]
        ]
      }
    },
    {
      "type": "Feature",
      "properties": {
        "osm_way_id": 1202021458,
        "road_ref": "N22",
        "name": "Washington Street"
      },
      "geometry": {
        "type": "LineString",
        "coordinates": [
          [
            -8.4770054,
            51.8977446
          ],
          [
            -8.4769832,
            51.897747
          ],
          [
            -8.4769512,
            51.897752
          ]
        ]
      }
    },
    {
      "type": "Feature",
      "properties": {
        "osm_way_id": 1202022972,
        "road_ref": "N22",
        "name": "Washington Street"
      },
      "geometry": {
        "type": "LineString",
        "coordinates": [
          [
            -8.4755883,
            51.8979441
          ],
          [
            -8.4755511,
            51.8979502
          ],
          [
            -8.4753651,
            51.8979775
          ]
        ]
      }
    },
    {
      "type": "Feature",
      "properties": {
        "osm_way_id": 1202022973,
        "road_ref": "N22",
        "name": "Washington Street"
      },
      "geometry": {
        "type": "LineString",
        "coordinates": [
          [
            -8.4757841,
            51.8979165
          ],
          [
            -8.4756846,
            51.8979306
          ]
        ]
      }
    },
    {
      "type": "Feature",
      "properties": {
        "osm_way_id": 1202022974,
        "road_ref": "N22",
        "name": "Washington Street"
      },
      "geometry": {
        "type": "LineString",
        "coordinates": [
          [
            -8.4756846,
            51.8979306
          ],
          [
            -8.4756282,
            51.8979385
          ],
          [
            -8.4755883,
            51.8979441
          ]
        ]
      }
    },
    {
      "type": "Feature",
      "properties": {
        "osm_way_id": 1202026251,
        "road_ref": "N22",
        "name": "Mardyke Walk"
      },
      "geometry": {
        "type": "LineString",
        "coordinates": [
          [
            -8.4892846,
            51.8962268
          ],
          [
            -8.4892531,
            51.8962615
          ],
          [
            -8.4891708,
            51.8963425
          ],
          [
            -8.4890907,
            51.8963872
          ],
          [
            -8.4889843,
            51.8964298
          ]
        ]
      }
    },
    {
      "type": "Feature",
      "properties": {
        "osm_way_id": 1202683343,
        "road_ref": "N22",
        "name": "Sheares Street"
      },
      "geometry": {
        "type": "LineString",
        "coordinates": [
          [
            -8.4803821,
            51.8982165
          ],
          [
            -8.4801988,
            51.8982411
          ],
          [
            -8.480123,
            51.8982363
          ],
          [
            -8.4797909,
            51.8982155
          ],
          [
            -8.4796336,
            51.8982043
          ],
          [
            -8.4796001,
            51.8982014
          ],
          [
            -8.4795627,
            51.8981967
          ],
          [
            -8.4794338,
            51.8981828
          ]
        ]
      }
    },
    {
      "type": "Feature",
      "properties": {
        "osm_way_id": 1202683344,
        "road_ref": "N22",
        "name": "Sheares Street"
      },
      "geometry": {
        "type": "LineString",
        "coordinates": [
          [
            -8.4803821,
            51.8982165
          ],
          [
            -8.4801258,
            51.8981957
          ],
          [
            -8.4796818,
            51.8981568
          ],
          [
            -8.4795702,
            51.898151
          ],
          [
            -8.4794166,
            51.8981463
          ]
        ]
      }
    },
    {
      "type": "Feature",
      "properties": {
        "osm_way_id": 1202684062,
        "road_ref": "N22",
        "name": "Washington Street"
      },
      "geometry": {
        "type": "LineString",
        "coordinates": [
          [
            -8.4789415,
            51.8975738
          ],
          [
            -8.478552,
            51.8976042
          ]
        ]
      }
    },
    {
      "type": "Feature",
      "properties": {
        "osm_way_id": 1202684063,
        "road_ref": "N22",
        "name": "Washington Street"
      },
      "geometry": {
        "type": "LineString",
        "coordinates": [
          [
            -8.478552,
            51.8976042
          ],
          [
            -8.4783156,
            51.8976234
          ]
        ]
      }
    },
    {
      "type": "Feature",
      "properties": {
        "osm_way_id": 1204148299,
        "road_ref": "N22",
        "name": "Western Road"
      },
      "geometry": {
        "type": "LineString",
        "coordinates": [
          [
            -8.4890447,
            51.8955878
          ],
          [
            -8.4891819,
            51.8955707
          ]
        ]
      }
    },
    {
      "type": "Feature",
      "properties": {
        "osm_way_id": 1204148300,
        "road_ref": "N22",
        "name": "Western Road"
      },
      "geometry": {
        "type": "LineString",
        "coordinates": [
          [
            -8.4889579,
            51.8955981
          ],
          [
            -8.4889863,
            51.8955943
          ],
          [
            -8.489005,
            51.8955922
          ]
        ]
      }
    },
    {
      "type": "Feature",
      "properties": {
        "osm_way_id": 1204154744,
        "road_ref": "N22",
        "name": "Western Road"
      },
      "geometry": {
        "type": "LineString",
        "coordinates": [
          [
            -8.489005,
            51.8955922
          ],
          [
            -8.4890447,
            51.8955878
          ]
        ]
      }
    },
    {
      "type": "Feature",
      "properties": {
        "osm_way_id": 1204154745,
        "road_ref": "N22",
        "name": "Western Road"
      },
      "geometry": {
        "type": "LineString",
        "coordinates": [
          [
            -8.4886688,
            51.8956368
          ],
          [
            -8.4887397,
            51.8956273
          ]
        ]
      }
    },
    {
      "type": "Feature",
      "properties": {
        "osm_way_id": 1204154746,
        "road_ref": "N22",
        "name": "Western Road"
      },
      "geometry": {
        "type": "LineString",
        "coordinates": [
          [
            -8.4874773,
            51.895804
          ],
          [
            -8.4875187,
            51.8957978
          ],
          [
            -8.487803,
            51.8957551
          ],
          [
            -8.4878979,
            51.8957408
          ],
          [
            -8.4881624,
            51.8957047
          ],
          [
            -8.4882141,
            51.8956974
          ]
        ]
      }
    },
    {
      "type": "Feature",
      "properties": {
        "osm_way_id": 1204154747,
        "road_ref": "N22",
        "name": "Western Road"
      },
      "geometry": {
        "type": "LineString",
        "coordinates": [
          [
            -8.4882141,
            51.8956974
          ],
          [
            -8.4884413,
            51.8956653
          ],
          [
            -8.4884653,
            51.8956624
          ],
          [
            -8.4885055,
            51.8956575
          ],
          [
            -8.4885251,
            51.8956553
          ],
          [
            -8.488566,
            51.8956506
          ],
          [
            -8.4886183,
            51.8956436
          ],
          [
            -8.4886688,
            51.8956368
          ]
        ]
      }
    },
    {
      "type": "Feature",
      "properties": {
        "osm_way_id": 1204176717,
        "road_ref": "N22",
        "name": "Carrigrohane"
      },
      "geometry": {
        "type": "LineString",
        "coordinates": [
          [
            -8.5684989,
            51.8921713
          ],
          [
            -8.568493,
            51.8921959
          ],
          [
            -8.5684731,
            51.8922371
          ],
          [
            -8.568448,
            51.892304
          ],
          [
            -8.5683978,
            51.8924099
          ]
        ]
      }
    },
    {
      "type": "Feature",
      "properties": {
        "osm_way_id": 1204176718,
        "road_ref": "N22",
        "name": "Carrigrohane"
      },
      "geometry": {
        "type": "LineString",
        "coordinates": [
          [
            -8.5683978,
            51.8924099
          ],
          [
            -8.5681479,
            51.8928669
          ],
          [
            -8.5678453,
            51.8934644
          ],
          [
            -8.567587,
            51.893788
          ],
          [
            -8.5672851,
            51.8940534
          ],
          [
            -8.5669859,
            51.8942845
          ],
          [
            -8.5666909,
            51.8944703
          ],
          [
            -8.5662955,
            51.8946937
          ],
          [
            -8.5658038,
            51.8948798
          ],
          [
            -8.5643293,
            51.8953051
          ],
          [
            -8.5642284,
            51.8953359
          ]
        ]
      }
    },
    {
      "type": "Feature",
      "properties": {
        "osm_way_id": 1204176719,
        "road_ref": "N22",
        "name": "Carrigrohane"
      },
      "geometry": {
        "type": "LineString",
        "coordinates": [
          [
            -8.5642284,
            51.8953359
          ],
          [
            -8.5635652,
            51.8955384
          ]
        ]
      }
    },
    {
      "type": "Feature",
      "properties": {
        "osm_way_id": 1204176720,
        "road_ref": "N22",
        "name": "Carrigrohane"
      },
      "geometry": {
        "type": "LineString",
        "coordinates": [
          [
            -8.5635652,
            51.8955384
          ],
          [
            -8.5632453,
            51.8956361
          ],
          [
            -8.563001,
            51.8957164
          ],
          [
            -8.5627994,
            51.8957827
          ]
        ]
      }
    },
    {
      "type": "Feature",
      "properties": {
        "osm_way_id": 1204463895,
        "road_ref": "N22",
        "name": "Carrigrohane Road"
      },
      "geometry": {
        "type": "LineString",
        "coordinates": [
          [
            -8.5384272,
            51.8956615
          ],
          [
            -8.5381736,
            51.8956419
          ]
        ]
      }
    },
    {
      "type": "Feature",
      "properties": {
        "osm_way_id": 1204472831,
        "road_ref": "N22",
        "name": "Carrigrohane Road"
      },
      "geometry": {
        "type": "LineString",
        "coordinates": [
          [
            -8.5193125,
            51.8940635
          ],
          [
            -8.5172169,
            51.8938898
          ],
          [
            -8.5169736,
            51.8938677
          ]
        ]
      }
    },
    {
      "type": "Feature",
      "properties": {
        "osm_way_id": 1204472832,
        "road_ref": "N22",
        "name": "Carrigrohane Road"
      },
      "geometry": {
        "type": "LineString",
        "coordinates": [
          [
            -8.5169384,
            51.8938646
          ],
          [
            -8.5169154,
            51.8938625
          ],
          [
            -8.5168986,
            51.893861
          ]
        ]
      }
    },
    {
      "type": "Feature",
      "properties": {
        "osm_way_id": 1204472833,
        "road_ref": "N22",
        "name": "Carrigrohane Road"
      },
      "geometry": {
        "type": "LineString",
        "coordinates": [
          [
            -8.5168986,
            51.893861
          ],
          [
            -8.5168659,
            51.893858
          ]
        ]
      }
    },
    {
      "type": "Feature",
      "properties": {
        "osm_way_id": 1204472834,
        "road_ref": "N22",
        "name": "Carrigrohane Road"
      },
      "geometry": {
        "type": "LineString",
        "coordinates": [
          [
            -8.5169736,
            51.8938677
          ],
          [
            -8.5169384,
            51.8938646
          ]
        ]
      }
    },
    {
      "type": "Feature",
      "properties": {
        "osm_way_id": 1208531729,
        "road_ref": "N22",
        "name": "Macroom Bypass"
      },
      "geometry": {
        "type": "LineString",
        "coordinates": [
          [
            -8.9348135,
            51.8885798
          ],
          [
            -8.9346637,
            51.8887493
          ],
          [
            -8.9345586,
            51.889323
          ]
        ]
      }
    },
    {
      "type": "Feature",
      "properties": {
        "osm_way_id": 1224500132,
        "road_ref": "N22",
        "name": "N22"
      },
      "geometry": {
        "type": "LineString",
        "coordinates": [
          [
            -9.1971511,
            51.9593237
          ],
          [
            -9.1973267,
            51.9593775
          ],
          [
            -9.19866,
            51.9597859
          ],
          [
            -9.2016924,
            51.9606907
          ],
          [
            -9.2022633,
            51.9608669
          ]
        ]
      }
    },
    {
      "type": "Feature",
      "properties": {
        "osm_way_id": 1224500133,
        "road_ref": "N22",
        "name": "N22"
      },
      "geometry": {
        "type": "LineString",
        "coordinates": [
          [
            -9.1966091,
            51.9592143
          ],
          [
            -9.1954588,
            51.9589099
          ],
          [
            -9.1948913,
            51.9587807
          ],
          [
            -9.1939452,
            51.9586171
          ],
          [
            -9.1928313,
            51.9584934
          ]
        ]
      }
    },
    {
      "type": "Feature",
      "properties": {
        "osm_way_id": 1228125463,
        "road_ref": "N22",
        "name": "Carrigrohane"
      },
      "geometry": {
        "type": "LineString",
        "coordinates": [
          [
            -8.5623717,
            51.8959386
          ],
          [
            -8.5622018,
            51.8959813
          ]
        ]
      }
    },
    {
      "type": "Feature",
      "properties": {
        "osm_way_id": 1228125464,
        "road_ref": "N22",
        "name": "Carrigrohane"
      },
      "geometry": {
        "type": "LineString",
        "coordinates": [
          [
            -8.5622018,
            51.8959813
          ],
          [
            -8.5619858,
            51.8960474
          ],
          [
            -8.5612831,
            51.8962624
          ],
          [
            -8.5600476,
            51.8966938
          ],
          [
            -8.5594469,
            51.8968642
          ],
          [
            -8.5587164,
            51.8970207
          ],
          [
            -8.5581019,
            51.8971134
          ],
          [
            -8.5578052,
            51.8971595
          ],
          [
            -8.557487,
            51.8971891
          ],
          [
            -8.5572007,
            51.8972039
          ],
          [
            -8.5568384,
            51.8971992
          ],
          [
            -8.5563874,
            51.8971713
          ]
        ]
      }
    },
    {
      "type": "Feature",
      "properties": {
        "osm_way_id": 1228125465,
        "road_ref": "N22",
        "name": "Carrigrohane"
      },
      "geometry": {
        "type": "LineString",
        "coordinates": [
          [
            -8.5627994,
            51.8957827
          ],
          [
            -8.5625661,
            51.8958678
          ],
          [
            -8.5625293,
            51.8958812
          ]
        ]
      }
    },
    {
      "type": "Feature",
      "properties": {
        "osm_way_id": 1282998072,
        "road_ref": "N22",
        "name": "Washington Street"
      },
      "geometry": {
        "type": "LineString",
        "coordinates": [
          [
            -8.4783156,
            51.8976234
          ],
          [
            -8.4782595,
            51.8976275
          ]
        ]
      }
    },
    {
      "type": "Feature",
      "properties": {
        "osm_way_id": 1291128409,
        "road_ref": "N22",
        "name": "Cleeney Roundabout"
      },
      "geometry": {
        "type": "LineString",
        "coordinates": [
          [
            -9.516718,
            52.0689926
          ],
          [
            -9.5167541,
            52.0690332
          ],
          [
            -9.5167687,
            52.0690662
          ],
          [
            -9.5167732,
            52.0690998
          ],
          [
            -9.5167656,
            52.0691334
          ]
        ]
      }
    },
    {
      "type": "Feature",
      "properties": {
        "osm_way_id": 1291128410,
        "road_ref": "N22",
        "name": "Cleeney Roundabout"
      },
      "geometry": {
        "type": "LineString",
        "coordinates": [
          [
            -9.5167656,
            52.0691334
          ],
          [
            -9.5167471,
            52.0691668
          ],
          [
            -9.5167058,
            52.0692067
          ]
        ]
      }
    },
    {
      "type": "Feature",
      "properties": {
        "osm_way_id": 1300837918,
        "road_ref": "N22",
        "name": "Poulavone Roundabout"
      },
      "geometry": {
        "type": "LineString",
        "coordinates": [
          [
            -8.5687338,
            51.8913477
          ],
          [
            -8.5687656,
            51.8913709
          ],
          [
            -8.5688191,
            51.8914157
          ],
          [
            -8.5688555,
            51.8914667
          ],
          [
            -8.5688728,
            51.8915213
          ]
        ]
      }
    },
    {
      "type": "Feature",
      "properties": {
        "osm_way_id": 1300837919,
        "road_ref": "N22",
        "name": "Poulavone Roundabout"
      },
      "geometry": {
        "type": "LineString",
        "coordinates": [
          [
            -8.5682377,
            51.8917547
          ],
          [
            -8.5681862,
            51.8917216
          ],
          [
            -8.5681273,
            51.8916704
          ]
        ]
      }
    },
    {
      "type": "Feature",
      "properties": {
        "osm_way_id": 1300837920,
        "road_ref": "N22",
        "name": "Poulavone Roundabout"
      },
      "geometry": {
        "type": "LineString",
        "coordinates": [
          [
            -8.5681273,
            51.8916704
          ],
          [
            -8.5680904,
            51.8916107
          ],
          [
            -8.5680789,
            51.8915472
          ],
          [
            -8.5680938,
            51.891484
          ],
          [
            -8.5681338,
            51.891425
          ]
        ]
      }
    },
    {
      "type": "Feature",
      "properties": {
        "osm_way_id": 1303167559,
        "road_ref": "N22",
        "name": "N22"
      },
      "geometry": {
        "type": "LineString",
        "coordinates": [
          [
            -8.8951208,
            51.8668245
          ],
          [
            -8.8952506,
            51.8668998
          ],
          [
            -8.8956264,
            51.8670797
          ],
          [
            -8.8958171,
            51.8671659
          ],
          [
            -8.8960142,
            51.8672582
          ],
          [
            -8.8966344,
            51.8674029
          ],
          [
            -8.8969604,
            51.8674354
          ],
          [
            -8.8973184,
            51.8674353
          ]
        ]
      }
    },
    {
      "type": "Feature",
      "properties": {
        "osm_way_id": 1313383267,
        "road_ref": "N22",
        "name": "Cork Road"
      },
      "geometry": {
        "type": "LineString",
        "coordinates": [
          [
            -9.4704062,
            52.0575404
          ],
          [
            -9.4704655,
            52.057553
          ],
          [
            -9.4707226,
            52.0576078
          ],
          [
            -9.4709812,
            52.0576637
          ],
          [
            -9.4715032,
            52.0577765
          ]
        ]
      }
    },
    {
      "type": "Feature",
      "properties": {
        "osm_way_id": 1313383268,
        "road_ref": "N22",
        "name": "Cork Road"
      },
      "geometry": {
        "type": "LineString",
        "coordinates": [
          [
            -9.4716393,
            52.057807
          ],
          [
            -9.4719836,
            52.0578843
          ]
        ]
      }
    },
    {
      "type": "Feature",
      "properties": {
        "osm_way_id": 1313383269,
        "road_ref": "N22",
        "name": "Cork Road"
      },
      "geometry": {
        "type": "LineString",
        "coordinates": [
          [
            -9.4715032,
            52.0577765
          ],
          [
            -9.4716393,
            52.057807
          ]
        ]
      }
    },
    {
      "type": "Feature",
      "properties": {
        "osm_way_id": 1328244645,
        "road_ref": "N22",
        "name": "Killarney Bypass"
      },
      "geometry": {
        "type": "LineString",
        "coordinates": [
          [
            -9.5086481,
            52.0699085
          ],
          [
            -9.5083221,
            52.0698786
          ],
          [
            -9.5079884,
            52.0698419
          ],
          [
            -9.50762,
            52.0698
          ],
          [
            -9.5064408,
            52.0696504
          ]
        ]
      }
    },
    {
      "type": "Feature",
      "properties": {
        "osm_way_id": 1328244646,
        "road_ref": "N22",
        "name": "Killarney Bypass"
      },
      "geometry": {
        "type": "LineString",
        "coordinates": [
          [
            -9.5064408,
            52.0696504
          ],
          [
            -9.5063708,
            52.0696411
          ],
          [
            -9.5061579,
            52.0696128
          ]
        ]
      }
    },
    {
      "type": "Feature",
      "properties": {
        "osm_way_id": 1328244647,
        "road_ref": "N22",
        "name": "Killarney Bypass"
      },
      "geometry": {
        "type": "LineString",
        "coordinates": [
          [
            -9.5059804,
            52.0695921
          ],
          [
            -9.5058863,
            52.0695807
          ],
          [
            -9.5051492,
            52.0694848
          ]
        ]
      }
    },
    {
      "type": "Feature",
      "properties": {
        "osm_way_id": 1367986221,
        "road_ref": "N22",
        "name": "N22"
      },
      "geometry": {
        "type": "LineString",
        "coordinates": [
          [
            -9.5221775,
            52.0740508
          ],
          [
            -9.5220155,
            52.0743795
          ]
        ]
      }
    },
    {
      "type": "Feature",
      "properties": {
        "osm_way_id": 1367986222,
        "road_ref": "N22",
        "name": "N22"
      },
      "geometry": {
        "type": "LineString",
        "coordinates": [
          [
            -9.5176783,
            52.0702058
          ],
          [
            -9.518479,
            52.07194
          ]
        ]
      }
    },
    {
      "type": "Feature",
      "properties": {
        "osm_way_id": 1368027526,
        "road_ref": "N22",
        "name": "N22"
      },
      "geometry": {
        "type": "LineString",
        "coordinates": [
          [
            -9.2022633,
            51.9608669
          ],
          [
            -9.2039763,
            51.9613893
          ],
          [
            -9.204179,
            51.9614509
          ],
          [
            -9.2059812,
            51.9619985
          ],
          [
            -9.2072713,
            51.9623759
          ],
          [
            -9.2083126,
            51.9626419
          ],
          [
            -9.2091323,
            51.9627832
          ],
          [
            -9.2102918,
            51.9628919
          ],
          [
            -9.2111699,
            51.9629167
          ],
          [
            -9.211943,
            51.9628901
          ],
          [
            -9.2128854,
            51.9627979
          ],
          [
            -9.2141353,
            51.9626135
          ],
          [
            -9.2154092,
            51.9624131
          ],
          [
            -9.2158816,
            51.9623479
          ]
        ]
      }
    },
    {
      "type": "Feature",
      "properties": {
        "osm_way_id": 1368369108,
        "road_ref": "N22",
        "name": "Cork Road"
      },
      "geometry": {
        "type": "LineString",
        "coordinates": [
          [
            -9.4796918,
            52.0589347
          ],
          [
            -9.4799784,
            52.0589733
          ],
          [
            -9.4803482,
            52.0590597
          ],
          [
            -9.4805172,
            52.0590992
          ],
          [
            -9.4808481,
            52.0592011
          ],
          [
            -9.4810099,
            52.0592551
          ]
        ]
      }
    },
    {
      "type": "Feature",
      "properties": {
        "osm_way_id": 1376161357,
        "road_ref": "N22",
        "name": "Saint Patrick's Street"
      },
      "geometry": {
        "type": "LineString",
        "coordinates": [
          [
            -8.470462,
            51.9002604
          ],
          [
            -8.470461,
            51.9001883
          ],
          [
            -8.470474,
            51.9001195
          ],
          [
            -8.4705066,
            51.9000402
          ],
          [
            -8.4705555,
            51.8999558
          ],
          [
            -8.4706528,
            51.8998368
          ],
          [
            -8.4707133,
            51.8997734
          ]
        ]
      }
    },
    {
      "type": "Feature",
      "properties": {
        "osm_way_id": 1470030570,
        "road_ref": "N22",
        "name": "N22"
      },
      "geometry": {
        "type": "LineString",
        "coordinates": [
          [
            -9.457494,
            52.0509092
          ],
          [
            -9.4574373,
            52.0509192
          ],
          [
            -9.4573737,
            52.0509212
          ],
          [
            -9.4573073,
            52.0509133
          ],
          [
            -9.4572516,
            52.0508977
          ]
        ]
      }
    },
    {
      "type": "Feature",
      "properties": {
        "osm_way_id": 1470030589,
        "road_ref": "N22",
        "name": "N22"
      },
      "geometry": {
        "type": "LineString",
        "coordinates": [
          [
            -9.4571283,
            52.050715
          ],
          [
            -9.4571631,
            52.0506652
          ]
        ]
      }
    },
    {
      "type": "Feature",
      "properties": {
        "osm_way_id": 1478727784,
        "road_ref": "N22",
        "name": "Macroom Road"
      },
      "geometry": {
        "type": "LineString",
        "coordinates": [
          [
            -8.6555758,
            51.8805218
          ],
          [
            -8.6558211,
            51.8805512
          ]
        ]
      }
    },
    {
      "type": "Feature",
      "properties": {
        "osm_way_id": 1478727785,
        "road_ref": "N22",
        "name": "Macroom Road"
      },
      "geometry": {
        "type": "LineString",
        "coordinates": [
          [
            -8.6558211,
            51.8805512
          ],
          [
            -8.6578782,
            51.8807962
          ]
        ]
      }
    },
    {
      "type": "Feature",
      "properties": {
        "osm_way_id": 1479642361,
        "road_ref": "N22",
        "name": "N22"
      },
      "geometry": {
        "type": "LineString",
        "coordinates": [
          [
            -9.4658509,
            52.0558947
          ],
          [
            -9.4663541,
            52.0561637
          ],
          [
            -9.4665135,
            52.0562489
          ],
          [
            -9.4668061,
            52.0564054
          ],
          [
            -9.467231,
            52.0566242
          ],
          [
            -9.4676974,
            52.056834
          ],
          [
            -9.4681209,
            52.0569933
          ],
          [
            -9.4686298,
            52.0571466
          ],
          [
            -9.4688296,
            52.0571922
          ],
          [
            -9.4691089,
            52.0572559
          ],
          [
            -9.4692568,
            52.0572896
          ],
          [
            -9.4693882,
            52.0573196
          ]
        ]
      }
    },
    {
      "type": "Feature",
      "properties": {
        "osm_way_id": 1479642362,
        "road_ref": "N22",
        "name": "Cork Road"
      },
      "geometry": {
        "type": "LineString",
        "coordinates": [
          [
            -9.4693882,
            52.0573196
          ],
          [
            -9.4703309,
            52.0575232
          ],
          [
            -9.4704062,
            52.0575404
          ]
        ]
      }
    },
    {
      "type": "Feature",
      "properties": {
        "osm_way_id": 1483440350,
        "road_ref": "N22",
        "name": "N22"
      },
      "geometry": {
        "type": "LineString",
        "coordinates": [
          [
            -8.9344986,
            51.8876433
          ],
          [
            -8.9346564,
            51.8878176
          ]
        ]
      }
    },
    {
      "type": "Feature",
      "properties": {
        "osm_way_id": 1483885762,
        "road_ref": "N22",
        "name": "Courthouse Street"
      },
      "geometry": {
        "type": "LineString",
        "coordinates": [
          [
            -8.4794338,
            51.8981828
          ],
          [
            -8.4794166,
            51.8981463
          ]
        ]
      }
    },
    {
      "type": "Feature",
      "properties": {
        "osm_way_id": 1487293607,
        "road_ref": "N22",
        "name": "N22"
      },
      "geometry": {
        "type": "LineString",
        "coordinates": [
          [
            -9.3098614,
            51.9825233
          ],
          [
            -9.3087865,
            51.9825113
          ],
          [
            -9.3071281,
            51.9824477
          ],
          [
            -9.3062334,
            51.9824761
          ],
          [
            -9.3053353,
            51.9825733
          ],
          [
            -9.3044832,
            51.9827261
          ],
          [
            -9.303531,
            51.9829841
          ],
          [
            -9.3026574,
            51.9833042
          ]
        ]
      }
    },
    {
      "type": "Feature",
      "properties": {
        "osm_way_id": 1488457971,
        "road_ref": "N22",
        "name": "Macroom Road"
      },
      "geometry": {
        "type": "LineString",
        "coordinates": [
          [
            -8.6705015,
            51.8827476
          ],
          [
            -8.6709797,
            51.8827844
          ]
        ]
      }
    },
    {
      "type": "Feature",
      "properties": {
        "osm_way_id": 1488457972,
        "road_ref": "N22",
        "name": "Macroom Road"
      },
      "geometry": {
        "type": "LineString",
        "coordinates": [
          [
            -8.6748927,
            51.8830356
          ],
          [
            -8.675473,
            51.8830342
          ]
        ]
      }
    },
    {
      "type": "Feature",
      "properties": {
        "osm_way_id": 1488457973,
        "road_ref": "N22",
        "name": "Macroom Road"
      },
      "geometry": {
        "type": "LineString",
        "coordinates": [
          [
            -8.6773047,
            51.8828303
          ],
          [
            -8.6773698,
            51.8828184
          ],
          [
            -8.6778821,
            51.8827018
          ]
        ]
      }
    },
    {
      "type": "Feature",
      "properties": {
        "osm_way_id": 1488457974,
        "road_ref": "N22",
        "name": "Macroom Road"
      },
      "geometry": {
        "type": "LineString",
        "coordinates": [
          [
            -8.6767994,
            51.8829228
          ],
          [
            -8.6773047,
            51.8828303
          ]
        ]
      }
    },
    {
      "type": "Feature",
      "properties": {
        "osm_way_id": 1488457975,
        "road_ref": "N22",
        "name": "Macroom Road"
      },
      "geometry": {
        "type": "LineString",
        "coordinates": [
          [
            -8.6794349,
            51.8821838
          ],
          [
            -8.6798643,
            51.8820422
          ]
        ]
      }
    },
    {
      "type": "Feature",
      "properties": {
        "osm_way_id": 1488457981,
        "road_ref": "N22",
        "name": "Macroom Road"
      },
      "geometry": {
        "type": "LineString",
        "coordinates": [
          [
            -8.6733325,
            51.8829529
          ],
          [
            -8.6735182,
            51.8829662
          ]
        ]
      }
    }
  ]
}